a cuatro aguas	a dos aguas
a favor del aborto	en contra del aborto
a flote	encallado
a la carta	menú del día
a lo largo	de lado
a posteriori	a priori
a término	prematuro
abactinal	actinal
abajo	arriba
abaxial	adaxial
abducente	aducente
abierta	adjunto
abierta	cercado
abierta	incluido
abierto	cerrado
abierto	oculto
aboral	oral
abordable	inabordable
abotonado	desabotonado
abranquial	branquial
abreviado	no abreviado
abriendo	cerrando
absoluto	comparativo
absoluto	relativo
absorbente	no absorbente
absorbible	adsorbible
abstracto	concreto
abultado	cóncavo
abundante	escaso
aburrido	inspirador
abusado	no abusado
académico	no académico
acanalado	liso
acarpeloso	carpeloide
acataléctico	caléctico
acataléctico	hipercataléctico
acaudalado	sin dinero
acaulento	caulento
accesible	inabordable
accesible	inaccesible
accesivo	desapegado
aceitado	desaceitado
acentual	cuantitativo
acentual	silábico
aceptable	inaceptable
aceptable	inadmisible
aceptable	inconveniente
aceptante	rechazante
acertado	erróneo
acertado	inadecuado
acertado	incorrecto
acertado	inigual
aclamídeo	clámídeo
acogedor	poco acogedor
acomodador	poco dispuesto
acompañado	no acompañado
acondrítico	condrítico
aconsejable	desaconsejable
acontecido	intrascendente
acordante	discordante
acostumbrado	no acostumbrado
acrocárpico	pleurocárpico
acromático	cromático
acropetal	basipetal
acroscópico	basiscópico
actinomorfo	zigomorfo
activación	desactivación
activo	estático
activo	extinto
activo	inactivo
activo	pasivo
activo	tranquilo
actuable	inactuable
actual	futuro
actual	potencial
acuoso	ígneo
acusatorio	inquisitorial
acuático	anfibio
acuático	terrestre
acuñado	caudado
acíclico	cíclico
adaptable	no adaptable
adaptativo	maladaptativo
adecuada	inadecuado
adecuada	inigual
adecuado	inadecuado
adecuado	inigual
adelante	atras
adelante	atrás
adeudado	indebido
adherido	no adherido
adhesivo	no adhesivo
adiabático	diabático
adictivo	no adictivo
adicto	no adicto
aditivo	sustractivo
adjetivo	sustantivo
adjunto	desajuntado
adjunto	separado
admisible	inadmisible
adnato	connato
adoptable	no adoptable
adoptado	nativo
adoptivo	biológico
adorable	despreciable
adorable	odioso
adornado	desprovisto de adornos
adosado	independiente
adosado	separado
adosado	suelto
adsorbente	no adsorbente
adulterante	purificante
aeróbico	anaeróbico
afebril	febril
afectado	no afectado
afeitado	no afeitado
afeminado	varonil
aferente	eferente
afilado	natural
afilado	plano
afilado	romo
afirmativo	negativo
afligido	despreocupado
afortunado	desafortunado
afrodisiaco	anafrodisiaco
afrodisíaco	anafrodisíaco
agitado	calmado
agitado	relajado
agitado	tranquilo
agnóstico	gnóstico
agotable	inagotable
agotado	disponible
agotado	inagotable
agradable	desagradable
agradable	fastidioso
agradable	grosero
agradable	horrible
agradable	incompatible
agradable	molesto
agradable	ofensivo
agradado	disgustado
agradecido	desagradecido
agregado	independiente
agregado	separado
agregado	suelto
agresivo	manso
agresivo	no agresivo
agrio	no agrio
agudo	bajo
agudo	crónico
agudo	grave
agudo	obtuso
agudo	sordo
agujereado	no agujereado
ahistórico	histórico
ahorrador	derrochador
ahorrador	derrochar
ahorrativo	derrochador
ahorrativo	derrochar
ahumado	sin humo
aire-a-aire	aire-a-superficie
aire-a-aire	superficie-a-aire
aire-a-suelo	suelo-a-aire
ajustado	desajustado
ajustado	no ajustado
alado	desprovisto de alas
alarmante	no alarmante
alcalino	anfótero
alcalino	ácido
alcohólico	blando
alcohólico	no alcohólico
aleatorio	no aleatorio
alegre	deprimente
alegre	desdichado
alegre	sin alegría
alegre	triste
alejado	cercano
alejado	íntimo
alentador	desalentador
alerta	desatento
alfabetizado	analfabeto
alfabético	analfabético
alfombrado	desalfombrado
algo	ningún
algo	todo
algorítmico	heurístico
algunos	ninguno
algunos	todo
alimentado	desabastecido
alimentado	desnutrido
alimentado	no alimentado
alimentado al pecho	alimentado con biberón
alineado	no alineado
alogénico	xenogénico
alopático	homeopático
alopátrica	simpátrica
alta resolución	baja resolución
alta tecnología	baja tecnología
alterable	inalterable
alterado	inalterado
alternativo	directo
alternativo	opuesto
alto	bajo
alto	corto
alto	suave
alto espumante	bajo espumante
alto interés	bajo interés
alto-tensión	baja-tensión
altricial	precocial
altruista	egoísta
alóctono	autóctono
amable	cruel
amable	desconsiderado
amable	despreciable
amable	odioso
amado	no amado
amante de ácidos	amante de álcalis
amañado	desamañado
ambicioso	no ambicioso
ambidextro	diestro
ambidiestro	zurdo
ambiguo	inequívoco
ambiversivo	introversivo
ambiverso	extrovertido
ametabólico	metabólico
ametropía	emmetropía
amfitropo	anatropo
amigable	hostil
amigable	hostile
amigo	hostil
amistoso	hostil
amistoso	malo
amoroso	arisco
amoroso	desamoroso
amoroso	descariñado
amplio	escaso
amplio	estrecho
amueblado	desamueblado
anabático	catabático
anabólico	catabólico
anaclinal	cataclinal
anafrodisiaco	sexy
anal	oral
analizado	no analizado
analítico	sintético
analógico	digital
anastigmático	astigmático
ancho	estrecho
andrógeno	femenino
andrógeno	masculino
anejo	independiente
anejo	separado
anejo	suelto
anemófilo	entomófilo
anestro	estro
anexo	independiente
anexo	separado
anexo	suelto
anfibio	terrestre
anfotérico	ácido
angular	redondeado
anhidro	hidrado
animado	desanimado
animado	gris
animado	inanimado
animado	inánime
animado	lento
animado	sombrío
animado	soso
anisotrópico	isotrópico
aniónico	catiónico
anormal	común
anormal	corriente
anormal	normal
ansioso	desinteresado
antagónico	conciliador
antagónico	sinérgico
ante meridiano	post meridiano
antecedente	subsiguiente
antemortem	postmortem
anterior	posterior
anterógrado	retrógrado
anti	pro
antiamericano	proamericano
anticlimático	climático
anticlinal	sinclinal
anticolinérgico	colinérgico
antidemocrático	democrático
antideslizante	resbaladizo
antiguo	moderno
antihorario	horario
antimagnético	magnético
antipatriótico	patriótico
antipirético	pirético
antiprimosco	primosco
antipático	comprensivo
antipático	simpático
antirítmico	rítmico
antisocial	social
antiséptico	séptico
antrorso	retrorso
antónimo	sinónimo
anual	bienal
anual	perenne
anádromo	catádromo
anádromo	diádromo
análogo	heterólogo
análogo	homólogo
anódico	catódico
anónimo	conocido
anónimo	miembro
apagado	encendido
apareado	no apareado
aparejado	desaparejado
aparejado	desequipado
apasionado	apático
apelable	inapelable
apenado	desenfadado
apendado	desapendado
aperiódico	periódico
apetitoso	poco apetitoso
aplacable	implacable
aplacental	placentario
aplicado	no aplicado
aplicado	teórico
apocrina	ecrina
apocárpico	sincárpico
apreciado	despreciado
apretado	suelto
apropiado	impropio
apropiado	inadecuado
apropiado	inapropiado
apropiado	inigual
apropiado	injusto
apropriado	inapropiado
aptero	periptero
apurado	tranquilo
arado	no arado
arbitrable	no arbitrable
arbitrario	justo
arbitrario	no arbitrario
arbitrario	recto
arbolado	despejado
arbóreo	no arbóreo
arenoso	argiloso
argumentativo	no argumentativo
arisco	cariñoso
arisco	social
armado	desarmado
armonioso	desacorde
armonioso	desarmonioso
armonioso	inarmónico
armónico	no armónico
arqueado	despegado
arrepentido	no arrepentido
arrepentido	sin arrepentimiento
arrugado	sin arrugas
artesiano	subartesiano
articulado	inarticulado
articulado	no articulado
artificial	natural
artificiosa	ingenuo
artístico	ingenuo
asalariado	autónomo
ascendente	descendente
ascendente	descendiente
ascendiente	descendiente
asegurado	no asegurado
asertivo	no asertivo
asexual	sexual
asfaltado	sin asfaltar
asignado	no asignado
asimétrico	simétrico
asinéctico	sinéctico
asistido	no asistido
asociativo	no asociativo
asombrado	despreocupado
astomático	estomático
astringente	no astringente
astuto	ingenuo
astuto	sencillo
asustado	intrépido
asíncrono	sincrono
atado	desatado
atado	libre
atado	suelto
atemático	temático
atento	desatento
atento	descuidado
atento	despreocupado
atento	olvidadizo
atento	torpe
atenuado	iluminado
ateo	religioso
aterrizado	sin tierra
atonal	tonal
atonal	tonificado
atractivo	poco atractivo
atractivo	repulsivo
atrapado	desatorado
atributable	no atribuible
atributivo	predicativo
atrofiado	hipertrofiado
atípico	típico
atómico	convencional
atómico	holístico
atónico	tónico
audaz	tímido
audible	inaudible
aumentado	disminuido
aumentando	disminuyendo
ausente	presente
autoeciótico	heteroeicóctico
automático	manual
autorizado	no autorizado
auténtico	falseado
auténtico	falsificado
auténtico	falso
auténtico	imitado
auténtico	imitativo
autógamo	endógamo
autógamo	exógamo
autógeno	heterogéneo
autólogo	heterólogo
autólogo	homólogo
autótrofo	heterótrofo
avascular	vascular
aventurero	no aventurero
avirulento	virulento
azoal	zonal
azucarado	sin azúcar
aéreo	no aéreo
bajado	levantado
bajo mano	sobre mano
bajo nacimiento	noble
bandado	desbandado
barato	caro
barato	costoso
barlovento	sotavento
barrido	no barrido
barrigón	sin barriga
bautizado	no bautizado
bebible	no bebible
belicoso	pacífico
bello	desagradable
bello	feo
bendecido	maldecido
beneficiado	no beneficiado
benigno	inclemente
benigno	maligno
benéfico	maléfico
bicameral	unicameral
bidireccional	unidireccional
bien	mal
bien aconsejado	mal aconsejado
bien cuidado	descuidado
bien definido	poco definido
bienal	perenne
bienvenido	no deseado
bimodal	unimodal
binaural	monaural
binucleado	mononucleado
binucleado	trinucleado
bipolar	unipolar
bisexual	heterosexual
bisexual	homosexual
bivalente	multivalente
bivalente	univalente
bivalvo	univalvo
bizco	estrábico
blanco	negro
blanco y negro	color
blando	duro
blando	endurecido
blando	fuerte
blindado	no blindado
bobinado	desenroscado
bobinado	recto
bonito	desagradable
bonito	feo
bonito	horrible
bordado	sin borde
bracteado	ebracteado
braquicefálico	dolicocefálico
brillante	opaco
bronceado	sin broncear
bruto	neto
buen carácter	mal carácter
bueno	maligno
bueno	malo
bueno	malvado
bueno	triste
básico	incidental
bípedo	cuadrúpedo
cabezón	pie plano
cacofónico	eufónico
caducado	vigente
caducifolio	perenne
caducifolio	persistente
calculable	incalculable
calcícola	calcífuga
caliente	frío
calificado	no calificado
calmado	inquieto
calmo	tempestuoso
calzado	descalzado
calzado	descalzo
cambiable	inmutable
cambiado	sin cambiar
camforado	no camforado
campilotropo	ortotropo
cansado	descansado
capaz	inadecuado
capaz	incapaz
capaz	inigual
capitalista	socialista
característica	poco característico
característico	inusual
cardinal	ordinal
cargado	descargado
cargado	libre
caritativo	poco caritativo
cariñoso	descariñado
cariñoso	duro
cariñoso	severo
carnoso	sin carne
carnívoro	herbívoro
carnívoro	insectívoro
casado	soltero
castigado	no castigado
casto	incontinente
castrado	no castrado
catadromo	diádromo
cataléctico	hipercataléctico
catarrino	leptorrino
catarrino	platirrino
categórico	sincategórico
caudal	cefálico
caulino	radical
causativo	no causativo
cauteloso	incauto
cauteloso	inexperto
cautivador	desagradable
cautivador	feo
cayendo	subiendo
cañón simple	doble cañón
celestial	terrenal
celular	no celular
cenobítico	eremítico
cenogenético	palingenésico
cenogenético	palingenético
censurado	uncensurado
central	periférico
centralizado	descentralizado
centralizando	descentralizando
centro	derecha
centro	izquierda
centro	suburbio
centrífugo	centrípeto
cerca	lejos
cercano	distante
cercano	lejano
cercano	remota
cercano	remoto
cerebral	emocional
certificado	no certificado
choqueable	no choqueable
ciego	vidente
científico	no científico
cierto	incierto
cima	fondo
cima	lado
cinturón	sin cinturón
cismontano	tramontano
citable	incitable
civil	incivil
civil	militar
civil	sideral
civilizado	no civilizado
claro	confuso
claro	impreciso
claro	opaco
claro	oscuro
clase alta	clase baja
clase alta	clase media
clase baja	clase media
clasificado	no clasificado
clemente	inclemente
clásico	no clásico
cobarde	valiente
cocido	crudo
cogñénito	incogñénito
coherente	incoherente
coincidente	no coincidente
colapsable	no colapsable
colateral	no lineal
colectivo	distributivo
colorido	incoloro
columnado	no columnado
combinado	no combinado
combinativo	no combinativo
combustible	no combustible
comercial	no comercial
comestible	incomestible
comisionado	no comisionado
compacto	derretido
compacto	deshielado
compacto	flojo
compacto	licuado
compacto	líquido
compacto	suelto
comparable	inconmensurable
comparativo	completo
comparativo	perfecto
comparativo	puro
comparativo	total
compartido	no compartido
compartimentado	no compartimentado
compasivo	descompasivo
compasivo	duro
compatible	incompatible
competente	incompetentemente
competitivo	no competitivo
complejo	sencillo
complejo	simple
complementario	no complementario
completo	incompleto
completo	parcial
completo	relativo
comprensible	incomprensible
comprensible	inconmensurable
compresible	incomprensible
comprometedor	intransigente
comprometido	no comprometido
compuesto	descompuesto
compuesto	simple
comunicativo	poco comunicativo
común	excepcional
común	extraordinario
común	individual
común	insólito
común	poco común
común	singular
con almidón	sin almidón
con balcón	sin balcón
con barril	sin barril
con borde	sin borde
con buen gusto	sin gusto
con caderas	sin caderas
con cama	sin cama
con cera	sin cera
con cortinas	sin cortinas
con costuras	sin costuras
con cuello	desnudo
con cámara	sin cámara
con dedo	sin dedo
con dedos	sin dedos
con derechos	privado de derechos
con espinas	sin espinas
con estilo	sin estilo
con extremidades	sin extremidades
con fondo	sin fondo
con fuelle	sin fuelle
con fugas	hermético
con guantes	sin guantes
con helechos	sin helechos
con hierba	sin hierba
con hueso	sin hueso
con labios	sin labios
con lengua	sin lengua
con llave	sin llave
con mandíbula	sin mandíbula
con mangas	sin mangas
con mano	sin mano
con marca	sin marca
con membranas	sin membranas
con ojos	sin ojos
con orejas	sin orejas
con padre	sin padre
con parte superior	sin parte superior
con patas	sin patas
con patrones	liso
con pecho	sin pecho
con pico	sin pico
con pie	sin pie
con piel	desollado
con pérdida	sin pérdida
con pétalos	sin pétalos
con receta	sin receta
con respaldo	sin respaldo
con rostro	sin rostro
con ruedas	sin ruedas
con semillas	sin semillas
con sombrero	sin sombrero
con tallo	sin tallo
con tirantes	sin tirantes
concentrado	distribuido
concido	descoincido
concienzudo	inconsciente
conciliable	irreconciliable
conciso	prolijo
conclusivo	inconcluso
concéntrico	excéntrico
condicionado	incondicionado
condicional	incondicional
condimentado	sin sazonar
conductivo	no conductivo
conectado	desconectado
conectado	inalámbrico
confiado	desconfiado
confidente	inseguro
confinado	invasivo
confinado	no confinado
confirmado	no confirmado
conformista	no conformista
confuso	definido
confuso	marcado
congelado	descongelado
congestionado	descongestionado
congruente	incongruente
conjuntivo	disyuntivo
conjunto	disjunto
conjunto	separado
conmutativo	inmutable
connotativo	denotativo
conocible	incognoscible
conocido	desconocido
conocido	incógnito
conquistable	inconquistable
consagrado	profanado
consanguíneo	exógeno
consciente	descuidado
consciente	despreocupado
consciente	inconsciente
consciente	involuntario
consciente	olvidadizo
consciente	torpe
conservado	fresco
conservador	liberal
considerable	inconsiderable
considerable	insignificante
considerado	desconsiderado
considerado	descuidado
considerado	despreocupado
considerado	olvidadizo
considerado	torpe
consistente	inconsistente
consolable	inconsolable
consonantal	vocalic
conspicuo	inconspicuo
constante	inconstante
constipado	unclconstipado
constipante	laxante
constitucional	inconstitucional
constrictivo	no constrictivo
constructivo	destructivo
construido en carvel	construido en clinker
consumado	no consumado
consumidor	generador
contaminado	impoluto
contaminado	no contaminado
contento	descontento
contento	disgustado
contento	triste
contestable	incontestable
contestado	no contestado
continental	intercontinental
continente	incontenible
continuado	descontinuado
continuado	discontínuo
continuo	discontinuo
continuo	esporádico
contralateral	ipsilateral
contrarrevolucionario	revolucionario
contraste	plano
contraído	expandido
controlado	incontrolado
controversial	no controversial
contínuo	discontínuo
convencido	inconvicido
convencional	no convencional
convencional	nuclear
conveniente	desaconsejado
conveniente	inadecuado
conveniente	inconveniente
conveniente	incómodo
conveniente	inigual
conveniente	molesto
convergente	divergente
convertible	inconvertible
convexo	cóncavo
convincente	dudoso
convincente	poco convincente
cooperativo	no cooperativo
coordinante	subordinante
cornudo	sin cuernos
coronado	no coronado
corpóreo	incorpóreo
correcto	erróneo
correcto	grosero
correcto	incorrecto
correcto	injusto
corregido	incorrecto
corriendo	parado
corriendo	pasando
corriente	insólito
corriente	no corriente
corrigible	incorrigible
corrupto	incorrupto
cortado	no cortado
cortado	sin cortar
corto	extenso
corto	largo
cortés	descortés
cortés	grosero
cosmopolita	endémico
cosmopolita	provincial
costa adentro	costa afuera
costero	interior
creativo	poco creativo
creciente	menguante
credulo	incrédulo
creíble	increíble
cristalino	no cristalino
cristalizado	no cristalizado
cristiano	no cristiano
cromático	diatónico
crucial	insignificante
crucial	no crucial
crudo	maduro
cruel	simpático
cruzado	no cruzado
crítico	incógnito
crítico	no crítico
crónico	severo
cuadrado	redondo
cualitativo	cuantitativo
cuantitativo	silábico
cubierto	descubierto
cubierto	desnudo
cuestionable	incuestionable
cuidado	descuidado
cuidadoso	descuidado
cuidadoso	despreocupado
cuidadoso	olvidadizo
cuidadoso	torpe
culpable	inocente
cultivado	incultivado
cumplido	grosero
cumplidor	informal
curable	incurable
curioso	incurioso
cursorial	fossorial
curvado	recto
cálido	distante
cálido	fresco
cálido	frío
cálido de corazón	frío de corazón
cíclico	no cíclico
cívico	grosero
cómodo	incómodo
cúbico	lineal
cúbico	planar
datable	indatable
dañado	intacto
de abajo hacia arriba	de arriba hacia abajo
de alto costo	de bajo costo
de derecho	de hecho
de espolón corto	de espolón largo
de gran resistencia	de poca resistencia
de mente abierta	de mente cerrada
de moda	pasado de moda
de pie	sentado
de raza pura	mestizo
de un solo pecho	doble pecho
debido	indebido
debilitador	energizante
debilitador	vigorizante
debilitante	energizante
debilitante	vigorizante
decente	indecente
decidido	indeciso
decisivo	indeciso
declarado	no declarado
declarativo	interrogativo
decoroso	indecoroso
dedicado	no dedicado
deducible	no deducible
deductivo	inductivo
defectuoso	perfecto
defensivo	ofensivo
definido	impreciso
definido	indefinida
definido	indefinido
definido	inexacto
definido	vago
definitivo	indefinida
definitivo	indefinido
deflacionario	inflacionario
dehiscentes	indehiscentes
delantero	posterior
delantero	trasero
delgado	espeso
delgado	graso
delgado	grueso
delgado	lleno
delicado	robusto
delineado	no delineado
demostrativo	indeterminante
dentro	fuera
dependable	indeseable
dependiente	independiente
depresor	estimulante
deprimido	exaltado
derecha	izquierda
derecho	izquierdo
derecho	revés
derivacional	flexional
derivado	no derivado
derogable	inalterable
derretido	no derretido
derrochador	económico
derrochador	frugal
derrochador	prudente
derrochar	económico
derrochar	frugal
derrochar	prudente
derrotado	invicto
desafiante	estacional
desafiante	sumiso
desagradable	encantador
desagradable	grato
desagradable	halagador
desagradable	hermoso
desagradable	placentero
desagradable	precioso
desagradable	satisfactorio
desalentador	inspirador
desaliñado	escultural
desaparejado	equipado
desapercibido	sensible
desarreglado	limpio
desarrollado	subdesarrollado
desaseado	limpio
desatado	sujeto
desatendido	seguido
descifrado	indescifrado
desconocido	familiar
desconocido	reconocido
desconocido	sabido
desconsiderado	pensativo
descriptivo	indescriptivo
descriptivo	normativo
descriptivo	prescriptivo
descubierto	envainado
descubierto	oculto
descubierto	protegido
descubierto	recubierto
deseable	indeseable
deseado	no deseado
desechable	no desechable
desempleable	empleable
desempleado	empleado
desencantado	encantado
desencarnado	encarnado
desenfocado	enfocado
desenfrenado	restringido
desenganchado	enganchado
desenredado	enredado
desenrollado	enrollado
desenroscado	enrollado
desenroscado	enroscado
desensibilizante	sensibilizante
desensillado	ensillado
desenvuelto	envuelto
deseoso	indeseoso
desequilibrado	equilibrado
desequipado	equipado
desesperanzado	esperanzado
desestresado	troubado
desfavorable	favorable
desfavorable	ventajoso
desfavorecido	privilegiado
desgarbado	hábil
desgenerar	regenerar
desgraciado	oportuno
desgustar	gustar
deshabitado	habitado
deshecho	hecho
deshecho	tejido
deshonesto	honesto
deshonesto	honorable
deshonroso	honesto
deshonroso	honorable
deshonroso	respetable
designado	electivo
desigual	igual
desinformado	informado
desinhibido	inhibido
desintegrativo	integrativo
desinteresado	egoísta
desinteresado	emocionado
desinteresado	entusiasta
desinteresado	indagador
desinteresado	interesado
deslazado	lazado
desleal	leal
desmedido	moderado
desmotivado	motivado
desnudo	frondoso
desnudo	vestido
desobediente	obediente
desobligado	obligado
desocupado	ocupado
desordenado	limpio
desordenado	meticuloso
desordenado	ordenado
desorganizado	limpio
desorganizado	organizado
desorientado	orientado
desorientador	orientador
despectivo	eufemístico
despeinado	peinado
despejado	indeterminado
despejado	nublado
despejado	obstruido
despertado	no despertado
despiadado	misericordioso
despierto	dormido
desplantado	plantado
desportante	soportante
despreciable	estimable
despreciable	simpático
despreocupado	preocupado
despreparado	preparado
desproporcionado	proporcionado
desprotegido	protegido
desprovisto de flores	floreciente
destapado	tapado
destetado	no destetado
destructible	indestructible
destruido	preservado
desuniformado	uniformado
desventajoso	ventajoso
desvinculado	involucrado
desyodando	yodando
detectado	indetectado
detectado	no detectado
detenible	imparable
deteriorado	no deteriorado
determinable	indeterminable
determinado	indeterminado
diacrónico	sincrónico
diclino	monoclino
dicotiledónea	monócotiledónea
diente	sin dientes
diestro	siniestro
diestro	torpe
diestro	zurdo
diferenciado	indiferenciado
diferente	equivalente
diferente	fraternal
diferente	igual
diferente	parecido
diferente	semejante
diferente	similar
difícil	fácil
digerible	indigerible
digitígrado	plantígrado
digno	indigno
digno de confianza	poco confiable
diligente	negligente
diluido	no diluido
dinámico	estático
dinámico	inactivo
dioico	monoico
diploide	haploide
diploide	poliploide
diplomático	undiplomático
direccional	omnidireccional
directo	indirecto
directo	inverso
directo	retrógrado
dirigido	indeterminado
dirigido	no dirigido
discernible	indiscernible
discreto	evidente
discreto	indiscreto
discreto	intrusivo
discreto	obvio
discreto	ostentoso
discriminar	indiscriminado
discriminatorio	no discriminatorio
discutible	indiscutible
diseñado	no diseñado
disfórico	eufórico
disgustado	satisfecho
dispensable	indispensable
disperso	reunido
disponible	no disponible
dispuesto	reacio
distal	mesial
distal	proximal
distante	íntimo
distingible	indistinguible
distinto	igual
distinto	indistinto
distinto	parecido
distinto	semejante
distinto	similar
distópico	utópico
disuasivo	persuasivo
diurno	nocturno
diversificado	indiferenciado
diversificado	no diversificado
divertido	solemne
dividido	unido
divisible	indivisible
doble	soltero
documentado	indocumentado
doloroso	indoloro
domado	salvaje
dominante	recesivo
dominante	subordinado
dominante	sumiso
doméstico	extranjero
doméstico	indoméstico
dorsal	ventral
dos piezas	tres piezas
dos piezas	una pieza
dotado	no dotado
dramático	lírico
dramático	no dramático
drenado	no drenado
dudoso	seguro
dulce	seco
dulce	ácido
duro	fácil
duro	sensible
duro	suave
duro	suavizado
duro	tierno
dysenético	eugenético
débil	enérgico
débil	fuerte
débil	poderoso
débil	robusto
dísimil	similar
dócil	salvaje
dócil	terco
dócil	tozudo
ecdmico	endémico
ectomorfo	endomorfo
ectomorfo	mesomorfo
ecuatorial	polar
ecóico	nonecóico
edificante	no edificante
educado	grosero
educado	sin educación
efectivo	inefectivo
efervescente	no efervescente
eficaz	incapaz
eficaz	ineficaz
eficaz	inútil
eficaz	vano
eficiente	ineficiente
elaborado	escueto
elaborado	sencillo
elaborado	simple
elegante	inelegante
elegante	sencillo
elegante	torpe
elegible	inelegible
elástico	inelástico
embarazada	no embarazada
emocional	inemocional
emocionante	poco emocionante
empeorado	mejor
empeorado	mejorado
empeoramiento	mejorado
empeorando	mejorando
empinado	gradual
empleado de oficina	trabajador manual
emprendedor	inepto
empírico	teórico
en casa	lejos
en continuidad	finalizado
en el sitio	fuera del sitio
en escena	fuera de escena
en forma	fuera de forma
en juego	fuera de juego
en la calle	fuera de la calle
en línea	fuera de línea
en maceta	sin maceta
en movimiento	inmóvil
en vivo	grabado
encabezado	sin cabeza
encantador	feo
encontrado	perdido
endergónico	exergónico
endocrino	exocrino
endocéntrico	exocéntrico
endoergético	exoergético
endogámico	exogámico
endogénico	exogénico
endogénico	exógeno
endomórfico	mesomórfico
endotérmico	exotérmico
endurecido	suavizado
endémico	epidémico
endógeno	exógeno
enfermo	sano
engañoso	veraz
enmarcado	sin enmarcar
enmendado	no enmendado
enojado	tranquilo
enrollado	recto
enroscado	recto
entendido	no entendido
entero	fraccionario
entero	mitad
entero	roto
enterrado	no enterrado
entozoico	epizoico
entrante	saliente
entrañable	odioso
entrenado	no entrenado
envasado	sin envasar
enviado	no enviado
enérgico	letárgico
equipado	no equipado
equitativo	inequitativo
equívoco	inequívoco
erecto	no erecto
erradicable	inerradicable
escalable	no escalable
escenificado	no escenificado
escrito	hablado
escrito	improvisado
escrito	no escrito
escrupuloso	poco escrupuloso
escueto	producido
escueto	sofisticado
esencial	implorante
esencial	innecesario
esencial	no esencial
esencial	orante
esencial	suplicante
esforzado	sin esfuerzo
esférico	nonsférico
esotérico	exotérico
espaciado	no espaciado
espacial	no espacial
especializado	no especializado
especificado	no especificado
específico	general
específico	no específico
esperado	inesperado
espontáneo	inducido
esposa	marido
espumoso	quieto
estable	inestable
estable	temporal
establecido	inestable
establecido	no establecido
estacional	todo el año
estatal	poco estatal
este	oeste
esteroidal	no esteroidal
estimulante	no estimulante
estratificado	no estratificado
estrellado	sin estrellas
estresado	no estresado
estreñido	laxante
estriado	no estriado
estructurado	no estructurado
estudiado	no estudiado
estándar	no estándar
estéril	fructífero
estéril	fértil
estéril	productivo
estético	inestético
estúpido	inteligente
estúpido	listo
etiquetado	no etiquetado
eucariota	procariota
eusporangiate	leptosporangiate
evidente	invisible
evidente	oculto
evitable	inevitable
exacto	impreciso
exacto	inexacto
exaugural	inaugural
excepcional	habitual
excepcional	normal
excepcional	usual
excitable	inexcitable
exclusivo	inclusivo
exculpatorio	inculpatorio
excusable	inexusable
exento	no exento
exhaustivo	no exhaustivo
exigente	fácil
exigente	poco exigente
exigible	inexigible
existente	extinto
existente	no existente
exitoso	fracasado
expansivo	no expansivo
expedito	inexpedito
experimentado	inexperto
explicable	inexplicable
exploratorio	no exploratorio
explosivo	no explosivo
explotado	inexplorado
explotado	no explotado
explícito	implícito
exportable	no exportable
expresable	inexresable
extendido	no extendido
extensible	no extensible
extensivo	intensivo
extenso	incompleto
extenso	parcial
exterior	interior
externo	interno
extinguible	inextinguible
extracelular	intracelular
extramuros	intramuros
extranjero	interior
extranjero	nativo
extraordinario	habitual
extraordinario	normal
extraordinario	ordinario
extraordinario	usual
extrasensorial	sensorial
extraterritorial	territorial
extraído	no extraído
extraño	familiar
extremo	próximo
extricable	inextricable
extrospectivo	introspectivo
extrovertido	introvertido
extrusivo	intrusivo
extrínseco	intrínseco
fabricado en fábrica	hecho en casa
facetado	no facetado
facultativo	obligatorio
facultativo	preventivo
falible	infalible
falsa	ingenuo
falseado	genuino
falseado	real
falseado	verdadero
falsificado	genuino
falsificado	real
falsificado	verdadero
falso	genuino
falso	real
falso	verdadero
fastidioso	grato
fatal	no fatal
federal	unitario
feliz	infeliz
feliz	triste
femenina	no femenina
femenino	masculino
femenino	neutro
feo	hermoso
feo	precioso
fiable	no fiable
ficticio	no ficticio
fiel	infiel
figurado	literal
fijado	no fijado
fijo	indefinida
fijo	indefinido
fijo	suelto
fijo	temporal
filial	parental
financiado	no financiado
financiero	no financiero
finito	infinito
fino	indiscriminado
fino	áspero
firmado	no firmado
fisible	no fisible
fletado	no fletado
flexible	inflexible
flexible	intransigente
flexible	resistente
flexionado	no flexionado
flojo	poderoso
fondo	lado
formado	no formado
formal	informal
fotosintético	no fotosintético
fragante	maloliente
fraternal	sororal
frecuente	infrecuente
fresco	rancio
fresco	salado
frívolo	serio
fuera	seguro
fuerte	ligero
fuerte	suave
funcional	no funcional
funcional	orgánico
funcionando	no funcionando
fundamental	implorante
fundamental	orante
fundamental	suplicante
futuro	pasado
futuro	presente
fácil	incómodo
físico	mental
ganado	no ganado
ganado	perdido
gaseoso	líquido
gaseoso	sólido
gastado	nuevo
general	local
generosa	rancio
generoso	rancio
generoso	tacaño
genuino	imitado
genuino	imitativo
geocéntrico	heliocéntrico
geográfico	magnético
girado	no girado
global	incompleto
global	parcial
glorioso	innoble
glotón	moderado
gracioso	solemne
gradual	repentino
gramatical	no gramatical
gran	menudo
gran	pequeño
grande	menudo
grande	pequeño
graso	sin grasa
grato	grosero
grato	molesto
grato	ofensivo
gregario	no gregario
guardado	perdido
guiado	no guiado
habilidoso	no habilidoso
habitable	inhabitable
habitual	insólito
habitual	inusual
hablador	taciturno
hablante	no hablante
hacia adelante	hacia atrás
hacia adentro	hacia afuera
hambriento	sediento
haploide	poliploide
hecho a mano	hecho a máquina
hecho a medida	hecho en serie
herbáceo	leñoso
herbívoro	omnívoro
hereditable	no hereditable
heterocerca	homocerca
heterocigoto	homocigoto
heterodáctilo	zygodáctilo
heterogéneo	homogéneo
heterosexual	homosexual
heterólogo	homólogo
hidrocinético	hidroestático
hidrofílico	hidrofóbico
hipermétrope	miopía
hipertensivo	hipotensivo
hipertensivo	normotensivo
hipertónico	hipotónico
hipertónico	isotónico
hipotensivo	normotensivo
hipotónico	isotónico
hipócrita	sincero
holofítico	holozóico
hondo	superficial
honesto	insincero
honorable	insincero
horizontal	inclinado
horizontal	vertical
horrible	simpático
hospitalario	inhóspito
hueco	sólido
humano	inhumano
humano	no humano
humilde	orgulloso
humorístico	sin humor
hundible	inhundible
hábil	torpe
hábil	tosco
hídrico	xerico
hídricos	mésoficos
húmedo	seco
húmedo	árido
identificable	inidentificable
identificable	no identificable
idiográfico	nomotético
idóneo	inadecuado
idóneo	inigual
ignoble	noble
ignorado	reconocido
igual	inadecuado
igual	inigual
ilegal	legal
ilegal	legítimo
ilegal	lícito
ilegible	legible
ilegítimo	legítimo
ileso	lesionado
ilimitado	limitado
iluminado	no iluminado
iluminado	sombreado
iluminado por la luna	sin luna
iluminador	no iluminador
ilícito	lícito
ilógico	lógico
imbécil	listo
imitado	real
imitado	verdadero
imitativo	no imitativo
imitativo	real
imitativo	verdadero
immodesto	modesto
impaciente	paciente
impalpable	palpable
impar	par
imparcial	parcial
imparcial	prejuiciado
impasible	lloroso
impenetrable	penetrable
impenetrable	perforable
impenitente	penitente
impensable	pensable
imperativo	suplicante
imperceptible	perceptible
imperdonable	perdonable
imperfecto	perfecto
imperishable	perecedero
impermanente	permanente
impermeable	permeable
impermisible	permisible
impersonal	personal
implacable	perdonador
implacable	placable
implausible	plausible
implorante	primordial
impolítico	político
impolítico	prudente
impolítico	sensato
imponderable	ponderable
imponible	no imponible
impopular	popular
importante	insignificante
importante	poco importante
imposible	posible
impotente	poderoso
impotente	potente
impreciso	marcado
impreciso	preciso
impredecible	predecible
imprescindible	prescindible
impresionante	poco impresionante
imprimible	no imprimible
improbable	probable
improductivo	productivo
impropicio	propicio
impropio	propicio
imprudente	prudente
impráctico	práctico
impuntual	puntual
impuro	purificado
impuro	puro
impío	piadoso
impío	sagrado
impío	santo
in vitro	in vivo
inactivo	ocupado
inadecuado	oportuno
inadvertido	notable
inadvertido	sensible
inanimado	vivaz
inanimado	vivo
inarmónico	melódico
incapaz	útil
incierto	inevitable
incierto	seguro
inclinada	vertical
inclinado	vertical
increíble	verosímil
incógnito	sabido
indefinida	preciso
indefinida	seguro
indefinido	preciso
indefinido	seguro
indigno	merecido
indulgente	no indulgente
industrial	no industrial
inevitable	prevención
inexacto	preciso
infeccioso	no infeccioso
inferior	lateral
inferior	mayor
inferior	superior
infernal	supernal
influyente	no influyente
informable	noninformable
informativo	no informativo
infructuoso	productivo
infructífero	productivo
ingenuo	insincera
ingenuo	insincero
ingenuo	sofisticado
inicuo	justo
inicuo	recto
injugable	jugable
injusto	justo
injusto	recto
inmaculado	manchado
inmaduro	maduro
inmaduro	medio
inmaduro	temprano
inmanejable	manejable
inmanente	transitorio
inmaterial	material
inmediato	mediado
inmedible	medible
inmerecido	merecido
inmiscible	miscible
inmodificable	modificable
inmoral	moral
inmortal	mortal
inmovilizado	movido
inmundo	mundano
inmunocompetente	inmunodeficiente
inmutable	mutable
inmóvil	móvil
innavegable	navegable
innecesario	necesario
innegable	negable
innumerable	numerable
inocuo	nocivo
inodoro	odoroso
inofensivo	ofensivo
inofensivo	perjudicial
inolvidable	olvidable
inoperable	operable
inoperante	operativo
inoperativa	operativo
inoperativo	operativo
inoportuno	oportuno
inorgánico	orgánico
inpronunciable	pronunciable
inpuenteable	puenteable
inquebrantable	quebrantable
inquietante	reconfortante
inquietante	tranquilizador
inquieto	pacífico
inquieto	relajado
inquieto	tranquilo
insaciable	saciado
insalubre	saludable
insalubre	sanitario
insano	sano
insatisfactorio	satisfactorio
insatisfecho	satisfecho
insaturado	saturado
insectívoro	omnívoro
inseguro	posible
inseguro	probable
inseguro	seguro
insensacional	sensacional
insensato	prudente
insensible	sensible
insensible	suscetible
insignificante	significativo
insincero	sincero
insociable	sociable
insociable	social
insoluble	soluble
insolvente	solvente
inspirador	mediocre
institucional	no institucional
institucionalizado	no institucionalizado
instructivo	no instructivo
instrumental	vocal
insubordinado	subordinado
insuficiente	suficiente
insumiso	servil
insuperable	superable
insusceptible	susceptible
insustancial	sustancial
insípido	sabroso
insólito	normal
insólito	ordinario
insólito	usual
intacto	roto
intangible	tangible
integrado	no integrado
integrado	segregado
intelectual	no intelectual
inteligente	uninteligente
inteligible	uninteligible
intemperante	templado
intencionado	no intencionado
intencional	sin propósito
intensificando	moderando
intenso	ligero
intenso	suave
intercambiable	no intercambiable
interdepartamental	intradepartamental
interesante	no interesante
interespecies	intraespecies
interestatal	intrastatal
intermedio	terminal
internacional	nacional
intestado	testado
intocado	tocado
intolerable	tolerable
intolerante	tolerante
intoxicado	sobrio
intra vires	ultra vires
intraducible	traducible
intransferible	transferible
intransitable	transitable
intransitivo	transitivo
intratables	tractables
intrusivo	no intrusivo
intruso	protruyente
inusual	típico
inutilizable	utilizable
invariable	variable
invariado	variado
invasivo	no invasivo
invendible	vendible
invernal	otoñal
invernal	primaveral
invernal	resumido
invertebrado	vertebrado
invertible	no invertible
inviolable	violable
invisible	notable
invisible	obvio
invisible	visible
involuntario	voluntario
invulnerable	vulnerable
inválido	válido
inyectable	no inyectable
inánime	vivaz
inánime	vivo
inútil	valioso
inútil	útil
ionizado	no ionizado
ir	no ir
irracional	racional
irrazonable	razonable
irreal	natural
irreal	real
irrealista	realista
irrecuperable	recuperable
irreducible	reducible
irregular	regular
irregular	uniforme
irrelevante	relevante
irreligioso	religioso
irremediable	remediable
irremovible	removible
irremplazable	reemplazable
irreparable	reparable
irreproducible	reproducible
irresistible	resistible
irrespetable	respetable
irrespetuoso	respetuoso
irresponsable	responsable
irreverente	reverente
irreversible	reversible
irrevocable	revocable
isométrico	isotónico
iónico	no iónico
jerárquico	no jerárquico
joven	viejo
jugoso	sin jugo
juguetón	serio
junior	senior
juramentado	no juramentado
justo	parcial
laico	religioso
lamentado	no lamentado
lateral	superior
lavable	no lavable
lavado de cerebro	no lavado de cerebro
laxo	rígido
laxo	tenso
laxo	tirante
legato	staccato
lejano	íntimo
lentic	lotic
lento	rápido
lento	veloz
levantado	sin levadura
libre	no libre
libre de gérmenes	lleno de gérmenes
libre de óxido	oxidado
liderando	siguiendo
ligero	pesado
ligero de pies	pesado de pies
limpio	manchado
limpio	sucio
lineal	no lineal
lineal	planar
lingüístico	no lingüístico
liso	rizado
liso	surcado
liso	áspero
listado	no listado
listo	no listo
listo	tonto
llano	áspero
llenado	no llenado
lleno	vacío
lleno de malezas	sin malezas
local	nacional
lubricado	sin lubricar
luminoso	oscuro
líquido	sólido
maderado	sin maderar
maduro	verde
magnético	no magnético
magro	rico
mal utilizado	utilizado
malicioso	no malicioso
malteado	sin maltear
malvado	virtuoso
manejado	sin manejar
marcado	sin marcar
marinero	no marinero
masculino	neutro
masoquista	sádico
maternal	paternal
matriarcal	patriarcal
mayor	menor
mayúscula	Minúscula
mayúscula	minúscula
mecánico	no mecánico
medio	tarde
medio	tardío
medio	temprano
medio tiempo	tiempo completo
mejor	peor
mejorado	no mejorado
melódico	no melódico
menor	principal
menos	más
meridional	septentrional
metamórfico	no metamórfico
metido	sacado
metálico	no metálico
mezclado	sin mezclar
midi	mini
mielinizado	no mielinizado
migratorio	no migratorio
militar	no militar
mismo	otro
mitigado	no mitigado
moderno	no moderno
modificado	no modificado
modulado	no modulado
mojado	seco
molar	molecular
monoclínico	tricllínico
monocromático	policromático
monofónico	polifónico
monogámico	poligámico
monolingüe	multilingüe
mononuclear	trinucleado
monoteísta	politeísta
monovalente	polivalente
monótono	no monótono
moreno	rubio
motorizado	no motorizado
moviéndose	quieto
mucho	poco
muchos	pocos
mucoso	seco
muerto	vivo
multi-carril	un solo carril
multidimensional	unidimensional
multiforme	uniforme
multilateral	unilateral
multinucleado	uninucleado
multipara	unipara
multivalente	univalente
muriendo	naciente
musical	no musical
máximo	mínimo
médico	operatorio
médico	quirúrgico
móvil	sésil
múltiple	único
nacido	no nacido
nacido	sin nariz
nada	todo
nativo	no nativo
natural	plano
natural	sobrenatural
negativo	neutral
negativo	positivo
negativo	útil
neurótico	no neurótico
neutral	positivo
neutral	sesgado
nidícola	nidífugo
ningún	todo
no notado	notado
no obvio	obvio
no ofensivo	ofensivo
no oficial	oficial
no operativo	operativo
no oponible	oponible
no opuesto	opuesto
no original	original
no ortodoxo	ortodoxo
no pagado	pagado
no particulado	particulado
no paseriforme	paseriforme
no patrocinado	patrocinado
no permisivo	permisivo
no pintable	pintable
no planchado	planchado
no planificado	planificado
no plumado	plumado
no plumoso	plumoso
no político	político
no poroso	poroso
no portátil	portable
no posado	posado
no poseído	poseído
no premeditado	premeditado
no prensil	prensil
no presidencial	presidencial
no principiado	principiado
no probado	probado
no profesional	profesional
no profético	profético
no programado	programado
no propietario	propietario
no protector	protector
no provocador	provocador
no psicoactivo	psicoactivo
no publicable	publicable
no publicado	publicado
no quirúrgico	quirúrgico
no racial	racial
no radiactivo	radiactivo
no rastreable	rastreable
no reactivo	reactivo
no receptivo	responsive
no recolectado	recolectado
no reconocido	reconocido
no reconstruido	reconstruido
no recíproco	recíproco
no reduciible	reduciible
no refinado	refinado
no reflectante	reflectante
no reflejado	reflejado
no registrado	registrado
no regulado	regulado
no relacionado	relacionado
no renovable	renovable
no rentable	rentable
no repetible	repetible
no repetitivo	repetitivo
no reportado	reportado
no representacional	representacional
no representativo	representativo
no reservado	reservado
no residencial	residencial
no residente	residente
no restrictivo	restrictivo
no retentivo	retentivo
no reticulado	reticulado
no retornable	retornable
no retráctil	retráctil
no retórico	retórico
no reverberante	reverberante
no reversible	reversible
no revivido	revivido
no rumiantes	rumiantes
no rígido	rígido
no sacerdotal	sacerdotal
no saludable	saludable
no saponificado	saponificado
no sarcástico	sarcástico
no sectario	sectario
no seleccionado	seleccionado
no sellado	sellado
no sembrado	sembrado
no servil	servil
no shearado	shearado
no silenciado	silenciado
no silábico	silábico
no sistemático	sistemático
no solicitado	solicitado
no soportado	soportado
no sorprendente	sorprendente
no sorprendido	sorprendido
no sospechado	sospechado
no sumergible	sumergible
no supervisado	supervisado
no supurativo	supurativo
no talentoso	talentoso
no teatral	teatral
no terminado	terminado
no territorial	territorial
no tradicional	tradicional
no translacional	translacional
no tratado	tratado
no tripulado	tripulado
no técnico	técnico
no térmico	térmico
no tóxico	tóxico
no unión	unión
no usable	usable
no vendido	vendido
no vengado	vengado
no viajado	viajado
no violento	violento
no volátil	volátil
no ético	ético
nocivo	saludable
nominal	real
nonsignificativo	significativo
normal	paralelo
normal	paranormal
norte	sur
nuevo	viejo
nulo	válido
numérico	verbal
objetivo	subjetivo
oblato	prolato
oblicuo	paralelo
oblicuo	perpendicular
obligatorio	opcional
occidental	oriental
ocultar	revelar
odioso	simpático
oleofílico	oleofóbico
opciones múltiples	verdadero-falso
opisthognato	prognato
optimista	pesimista
orante	primordial
oscuro	pálido
otoñal	veraniego
ovovivíparo	ovíparo
ovovivíparo	vivíparo
ovíparo	vivíparo
oyente	sordo
pacífico	turbulento
pagano	religioso
palatable	poco apetecible
paradigmático	sintagmático
paralelo	perpendicular
parcial	recto
pasado	presente
pedunculado	sésil
pelado	sin pelar
peligroso	seguro
pelucado	sin peluca
peludo	sin pelo
perceptivo	poco perceptivo
perfecto	relativo
perfumado	sin olor
perinatal	postnatal
perinatal	prenatal
permanente	temporal
permisivo	preventivo
perplejo	sereno
perverso	virtuoso
pesado	sin peso
pidiendo disculpas	sin disculpas
pieza única	tres piezas
pintado	sin pintar
piso	techado
plomo	sin plomo
plural	singular
pobre	rico
poco atractivo	sexy
poco gratificante	recompensante
poco receptivo	receptivo
poco seductor	seductor
poco solidario	solidario
popa	proa
posible	real
posible	verdadero
posnatal	prenatal
posterior	previo
postguerra	preguerra
postnupcial	prenuptial
postprandial	preprandial
potencial	real
potencial	verdadero
precedente	siguiente
precedente	subsiguiente
precedente	sucedente
precedented	sin precedentes
precocidad	retraso
pretencioso	sin pretensiones
previo	subsiguiente
previo	ulterior
primario	secundario
primero	segundo
primero	último
primordial	suplicante
principal	secundario
principal	siguiente
privado	público
proactivo	retroactivo
procesado	sin procesar
producido	sencillo
producido	simple
productivo	yermo
profano	sagrado
profundo	superficial
progresivo	regresivo
propina	sin propina
prospectivo	retrospectivo
próximo	último
publicitado	suprimido
pulido	sin pulir
punitivo	rehabilitador
puntiagudo	sin sentido
puro	relativo
quejoso	tranquilo
radiolucido	radiopaco
ramificado	sin ramas
rayado	sin rayas
recortado	sin recortar
recto	torcido
recubierto	sin recubrir
reentrante	saliente
relajado	tenso
relativo	total
religioso	secular
remota	íntimo
remoto	íntimo
rencoroso	sin rencor
resistente	tierno
respirando	sin aliento
restringido	sin restricciones
resuelto	sin resolver
rh-negativo	rh-positivo
rima	sin rima
ruidoso	silencioso
ruidoso	tranquilo
rural	urbano
rígido	suelto
río abajo	río arriba
sabio	tonto
sabroso	soso
sangre caliente	sangre fría
sanguinario	sin sangre
seguro	tímido
sellado	sin sellar
sencillo	sofisticado
severo	tierno
simple	sofisticado
sin agallas	valiente
sin tacto	táctico
sin tallar	tallado
sin tamaño	tamaño
sin tapa	tapa
sin templar	templado
sin tierra	terroso
sin ventilación	ventilado
sin vidriar	vidriado
sobrecabeza	superficie
sobrecarga	subsuperficial
sonico	supersónico
sonoro	sordo
suave	áspero
subhumano	superhumano
subscrito	superescrito
subsuperficie	superficie
subsónico	supersónico
subsónico	sónico
subyacente	superyacente
subíndice	superescrito
subíndice	superíndice
suelto	tenso
suelto	tirante
tarde	temprano
tardío	temprano
termoestable	termoplástico
torpe	ágil
tónico	átono
ungiculado	ungulado
vano	útil
