axis	diff_a_b	p
('abstract', 'concrete')	0.0015159870921918409	0.0
('adnate', 'connate')	0.0006098890301590833	0.0
('aft', 'fore')	0.001981190055900959	0.0
('angular', 'rounded')	0.001764441012441307	0.0
('apocrine', 'eccrine')	0.000505710388229225	0.0
('asynchronous', 'synchronous')	0.0008140472947560824	0.0
('back', 'front')	0.006639577013890081	0.0
('cacophonous', 'euphonious')	0.0027446241199155464	0.0
('confined', 'invasive')	0.0013710263920314507	0.0
('curved', 'straight')	0.004539365861556885	0.0
('dangerous', 'safe')	0.0026865761066412978	0.0
('dark', 'light')	0.00214622563523213	0.0
('deductive', 'inductive')	0.0009442678740885493	0.0
('dejected', 'elated')	0.0018994348574908164	0.0
('disorienting', 'orienting')	0.002796189175128521	0.0
('disproportionate', 'proportionate')	0.0016638837622428206	0.0
('dull', 'sharp')	0.0023306908311433224	0.0
('fallible', 'infallible')	0.0011500627037991516	0.0
('flat', 'sharp')	0.0013805282391650252	0.0
('forgiving', 'unforgiving')	0.0022616051698534792	0.0
('formal', 'informal')	0.001402276495026042	0.0
('gabled', 'hipped')	0.0012684657327936139	0.0
('geographic', 'magnetic')	0.0016269634398953614	0.0
('heavy', 'light')	0.0016067998028479386	0.0
('horizontal', 'inclined')	0.0027852733535725597	0.0
('inclined', 'vertical')	0.002692300278068379	0.0
('instrumental', 'vocal')	0.0019038158319464988	0.0
('involuntary', 'voluntary')	0.0019908955720054876	0.0
('irreversible', 'reversible')	0.002261792938008568	0.0
('keyed', 'keyless')	0.0008365836928597142	0.0
('large', 'small')	0.0018066884595594928	0.0
('leaded', 'unleaded')	0.001777658538249024	0.0
('legato', 'staccato')	0.0027065023385791924	0.0
('lentic', 'lotic')	0.0006390234529772543	0.0
('loud', 'soft')	0.007406650117075794	0.0
('matched', 'mismatched')	0.003417449313554281	0.0
('narrow', 'wide')	0.0020829244921485874	0.0
('new', 'worn')	0.0027684854889031083	0.0
('noisy', 'quiet')	0.004410457847465323	0.0
('numerical', 'verbal')	0.0016773111408139021	0.0
('oblique', 'perpendicular')	0.0012494819876664415	0.0
('patterned', 'plain')	0.0019568170001480895	0.0
('prepared', 'unprepared')	0.0038023856182098515	0.0
('radiolucent', 'radiopaque')	0.000809306070503087	0.0
('sanitary', 'unsanitary')	0.00402868343541062	0.0
('shaven', 'unshaven')	0.0014165172020772139	0.0
('sheathed', 'unsheathed')	0.0018577545274672102	0.0
('short', 'tall')	0.0021326562529641784	0.0
('spineless', 'spinous')	0.0013643072775190845	0.0
('translatable', 'untranslatable')	0.0012716930102250916	0.0
('buttoned', 'unbuttoned')	0.0011635540710606988	0.001
('close', 'distant')	0.0018584186596218785	0.001
('early', 'middle')	0.0020026869119669447	0.001
('even', 'uneven')	0.0033129997168401537	0.001
('fair', 'foul')	0.001425561489498411	0.001
('glad', 'sad')	0.00243317447127008	0.001
('insecure', 'secure')	0.003801999509753967	0.001
('lossless', 'lossy')	0.0010447039958010203	0.001
('malnourished', 'nourished')	0.00139278375850519	0.001
('multilateral', 'unilateral')	0.0006004111112773861	0.001
('obligatory', 'optional')	0.0018892008240970915	0.001
('one-piece', 'three-piece')	0.0010964795262182734	0.001
('overhead', 'surface')	0.0015827637210730737	0.001
('private', 'public')	0.0014429737348295515	0.001
('publicized', 'suppressed')	0.0010057445654692771	0.001
('toothed', 'toothless')	0.0011152572625589396	0.001
('active', 'quiet')	0.002820815981464343	0.002
('conjunctive', 'disjunctive')	0.0005411216609778943	0.002
('equal', 'unequal')	0.002510838929925343	0.002
('finished', 'unfinished')	0.002038547969479611	0.002
('insured', 'uninsured')	0.000762541492034649	0.002
('irregular', 'regular')	0.001732501348309299	0.002
('little', 'much')	0.0030785059090462676	0.002
('accordant', 'discordant')	0.0009466328369046413	0.003
('autogenous', 'heterogenous')	0.0004985302679128729	0.003
('bare', 'covered')	0.0011119254687116074	0.003
('cooperative', 'uncooperative')	0.0025674722770881384	0.003
('empty', 'full')	0.002014607965496606	0.003
('natural', 'unnatural')	0.0033934453797852017	0.003
('necessary', 'unnecessary')	0.003435564541244069	0.003
('neutral', 'positive')	0.0010897928456435717	0.003
('offside', 'onside')	0.0004987746393076606	0.003
('taciturn', 'voluble')	0.0007026057636456331	0.003
('applied', 'theoretical')	0.0009211095721716545	0.004
('defensive', 'offensive')	0.0010101643017999917	0.004
('first', 'second')	0.0013390748918253583	0.004
('hypertonic', 'isotonic')	0.0005838191397713557	0.004
('impossible', 'possible')	0.0021361564851091093	0.004
('intensifying', 'moderating')	0.0007077714192596689	0.004
('profane', 'sacred')	0.002227783969130144	0.004
('restful', 'restless')	0.0016510422255933193	0.004
('lax', 'tense')	0.0011824313833176583	0.005
('comfortable', 'uncomfortable')	0.0031523043981517493	0.006
('congruent', 'incongruent')	0.0016284325517539116	0.006
('innocuous', 'noxious')	0.0008660658654098333	0.006
('integrated', 'segregated')	0.0012735886423195482	0.006
('invalid', 'valid')	0.0012754445727854577	0.006
('irreplaceable', 'replaceable')	0.0011456338619546865	0.006
('irresponsible', 'responsible')	0.0022359385365846446	0.006
('round', 'square')	0.001375064386659795	0.006
('binucleate', 'mononuclear')	0.000873613623534102	0.007
('dicotyledonous', 'monocotyledonous')	0.00031326071022659443	0.007
('edible', 'inedible')	0.0018904386107289279	0.007
('flat', 'natural')	0.0010154366588698074	0.007
('hatless', 'hatted')	0.0005506948069805341	0.007
('natural', 'sharp')	0.00093779297277232	0.007
('disordered', 'ordered')	0.001961244276990029	0.008
('down', 'up')	0.0009805838279019477	0.008
('moonless', 'moonlit')	0.0009470195822847086	0.008
('supervised', 'unsupervised')	0.0012702606890860127	0.008
('disorganized', 'organized')	0.0027152484602571674	0.009
('inside', 'outside')	0.0013783371727446453	0.009
('unveiled', 'veiled')	0.0012876984567890756	0.009
('fingered', 'fingerless')	0.0008626117780685294	0.01
('healthy', 'unhealthy')	0.0021351051103527165	0.01
('impersonal', 'personal')	0.0021244570749597274	0.01
('wired', 'wireless')	0.0009468928974611691	0.01
('appropriate', 'inappropriate')	0.002460365810140551	0.011
('bright', 'dull')	0.0018847600238094085	0.011
('cursorial', 'fossorial')	0.0002579414697634374	0.011
('inopportune', 'opportune')	0.0013939363651446473	0.011
('running', 'standing')	0.0013821555520783868	0.011
('spoken', 'written')	0.0012896639120500708	0.011
('three-piece', 'two-piece')	0.0005721100382863123	0.011
('busy', 'idle')	0.001503894724718428	0.012
('clean', 'dirty')	0.0020044606536420585	0.012
('left-handed', 'right-handed')	0.00048723181825066847	0.012
('nonsteroidal', 'steroidal')	0.00042654246920284826	0.012
('right', 'wrong')	0.0023154303724566994	0.012
('fresh', 'stale')	0.002559774898638357	0.013
('pointed', 'pointless')	0.0019915639692734428	0.013
('alive', 'dead')	0.001023601235279059	0.014
('divisible', 'indivisible')	0.0006670489701841417	0.014
('maxi', 'midi')	0.00067407178328921	0.014
('midi', 'mini')	0.0010433349733279685	0.014
('objective', 'subjective')	0.001008652362259995	0.014
('bidirectional', 'unidirectional')	0.0003790274942052068	0.015
('ectomorphic', 'endomorphic')	0.00025446864170104505	0.015
('gradual', 'steep')	0.0007590783200823485	0.015
('intransitive', 'transitive')	0.0005847010124203976	0.015
('merciful', 'merciless')	0.0008295469759863885	0.015
('off-street', 'on-street')	0.0005429878740877739	0.015
('black', 'white')	0.0006649059619655224	0.016
('consecrated', 'desecrated')	0.0008786898253966644	0.016
('unwelcome', 'welcome')	0.002106080082399816	0.016
('bridgeable', 'unbridgeable')	0.00039128938125056016	0.017
('contemptible', 'estimable')	0.0014791450819228351	0.017
('active', 'passive')	0.0010105268361015772	0.018
('backward', 'forward')	0.0013889083075740369	0.018
('abaxial', 'adaxial')	0.0002584292632426422	0.019
('open', 'shut')	0.0014895106027320078	0.019
('vernal', 'wintry')	0.0006322499941816503	0.019
('agreeable', 'disagreeable')	0.0015682870029928731	0.02
('authorized', 'unauthorized')	0.00081726201985263	0.021
('compliant', 'defiant')	0.0011462808401904757	0.021
('inoperable', 'operable')	0.0008807058070758062	0.021
('attractive', 'unattractive')	0.0028051007817744486	0.022
('coherent', 'incoherent')	0.0015985787260130394	0.022
('late', 'middle')	0.0016136272728920738	0.023
('fair', 'unfair')	0.0016147391473056525	0.024
('fastened', 'unfastened')	0.0010812569615419937	0.024
('tidy', 'untidy')	0.001613786101478866	0.024
('awkward', 'graceful')	0.001666717481398964	0.025
('improvident', 'provident')	0.0006725593845240611	0.025
('irreverent', 'reverent')	0.0006845682970667935	0.025
('adequate', 'inadequate')	0.0018194915032378137	0.026
('backhand', 'forehand')	0.00034782566776531674	0.026
('fat', 'thin')	0.0008658827121770926	0.028
('hypotonic', 'isotonic')	0.0004678715611139339	0.028
('illogical', 'logical')	0.001644353678600951	0.028
('immature', 'mature')	0.001508841213253979	0.028
('marked', 'unmarked')	0.0008444454796480436	0.028
('myelinated', 'unmyelinated')	0.00030719085168053745	0.028
('stable', 'unstable')	0.001549302183106678	0.028
('algorithmic', 'heuristic')	0.00029683943473387576	0.029
('anticlinal', 'synclinal')	0.0002701666226875843	0.03
('disreputable', 'reputable')	0.0018858503517178906	0.03
('familiar', 'unfamiliar')	0.0010651827682819671	0.03
('intemperate', 'temperate')	0.0012149609486580568	0.031
('loose', 'tight')	0.0007573421037796106	0.031
('unwanted', 'wanted')	0.0013556104143751576	0.031
('bottom', 'top')	0.0011646984384198955	0.032
('cosmopolitan', 'endemic')	0.0010067332095885688	0.033
('frail', 'robust')	0.001368350293134396	0.033
('major', 'minor')	0.0007469221577891261	0.033
('herbivorous', 'omnivorous')	0.00037060212859162415	0.034
('published', 'unpublished')	0.0008256355537985599	0.034
('cold', 'hot')	0.0018770385707794508	0.035
('dull', 'lively')	0.0016082662634392016	0.035
('obtrusive', 'unobtrusive')	0.0012681693954047155	0.035
('crosswise', 'lengthwise')	0.0005932993584140877	0.036
('germfree', 'germy')	0.0004789484447149054	0.036
('aerobic', 'anaerobic')	0.00048681259943908874	0.037
('moving', 'still')	0.0012477796048822893	0.037
('antagonistic', 'synergistic')	0.0012594785702561822	0.038
('autologous', 'heterologous')	0.0002781547076322634	0.039
('distal', 'mesial')	0.0008277239862029004	0.04
('seasonable', 'unseasonable')	0.0005196344420325245	0.04
('big', 'little')	0.0014060928599788376	0.041
('naive', 'sophisticated')	0.0016440068283542757	0.041
('tasteful', 'tasteless')	0.0018460993932354116	0.042
('alterable', 'unalterable')	0.00036602958443385496	0.044
('convenient', 'inconvenient')	0.002020106371773668	0.044
('rested', 'tired')	0.0012965337735326623	0.044
('negative', 'neutral')	0.0006948507193608377	0.046
('acute', 'chronic')	0.0004352667034101779	0.047
('altricial', 'precocial')	0.00023769744341211175	0.047
('centrifugal', 'centripetal')	0.0006125918415882852	0.047
('humane', 'inhumane')	0.0012705334515618876	0.047
('joint', 'separate')	0.0012883090803055865	0.047
('sonic', 'supersonic')	0.0005791182485824845	0.047
('atonal', 'tonal')	0.0009118188235262507	0.048
('original', 'unoriginal')	0.0022114612604244525	0.048
('focused', 'unfocused')	0.0021633326280875373	0.049
('considerate', 'inconsiderate')	0.0015211187569785407	0.05
('dead', 'live')	0.0011651313199027378	0.05
('distal', 'proximal')	0.00023883002407758301	0.053
('pretentious', 'unpretentious')	0.0016770179396296409	0.054
('black-and-white', 'color')	0.0009235043748839237	0.055
('constructive', 'destructive')	0.0006975472421813754	0.055
('thick', 'thin')	0.0004589919041765758	0.055
('cenobitic', 'eremitic')	0.00020900938223053001	0.056
('double', 'single')	0.00048794845189586815	0.056
('hopeful', 'hopeless')	0.0009560922541976382	0.058
('custom-made', 'ready-made')	0.0006183672801685506	0.06
('exterior', 'interior')	0.0004544286444807151	0.06
('nonpartisan', 'partisan')	0.000662129567620161	0.06
('side', 'top')	0.000982559721239347	0.06
('bettering', 'worsening')	0.0006015239402412283	0.061
('roofed', 'roofless')	0.0005312177423206473	0.061
('educated', 'uneducated')	0.0014200902726929105	0.062
('nonretractile', 'retractile')	0.0002824916066340921	0.062
('east', 'west')	0.0005098227818667502	0.065
('employed', 'unemployed')	0.0008007820507168056	0.065
('impatient', 'patient')	0.0011808637777934675	0.065
('hungry', 'thirsty')	0.0009449004220686511	0.066
('bold', 'timid')	0.0009368822116211355	0.068
('immobile', 'mobile')	0.0013694815701563237	0.068
('lowered', 'raised')	0.0005660113393370896	0.07
('permissive', 'preventive')	0.0006047308721758831	0.07
('figurative', 'literal')	0.0005942213408507485	0.071
('holy', 'unholy')	0.0008273961098604335	0.071
('steady', 'unsteady')	0.0012386723306311853	0.071
('audible', 'inaudible')	0.0004434360064869119	0.072
('irrevocable', 'revocable')	0.00036501317394537543	0.072
('anabolic', 'catabolic')	0.00043659119999048864	0.073
('immunocompetent', 'immunodeficient')	0.0002352543484462578	0.074
('impervious', 'pervious')	0.0005921805578095983	0.074
('irrelevant', 'relevant')	0.0015354213132402587	0.074
('relaxed', 'tense')	0.0009312674827946909	0.074
('flexible', 'inflexible')	0.0014058633187852797	0.075
('diachronic', 'synchronic')	0.000265249465926896	0.076
('digestible', 'indigestible')	0.0006572048667113032	0.076
('polished', 'unpolished')	0.001291575545388706	0.076
('qualified', 'unqualified')	0.0012401880758261506	0.077
('credulous', 'incredulous')	0.0004966471506668126	0.079
('awned', 'awnless')	0.0001689737427735653	0.08
('eucaryotic', 'procaryotic')	0.00022214229676029889	0.081
('consistent', 'inconsistent')	0.0013730873210164862	0.082
('best', 'worst')	0.002124657692672347	0.087
('autumnal', 'wintry')	0.0003725579515488093	0.088
('anterior', 'posterior')	0.00026656872619975963	0.09
('mental', 'physical')	0.00031170291962617737	0.091
('far', 'near')	0.0014294347285790081	0.092
('satisfactory', 'unsatisfactory')	0.001030356103396044	0.092
('smart', 'stupid')	0.0017112055732938034	0.092
('happy', 'unhappy')	0.0015325604338810549	0.096
('insatiate', 'satiate')	0.00039251710614070495	0.096
('nonsuppurative', 'suppurative')	0.0002578415753725712	0.096
('sold', 'unsold')	0.0009582047602039335	0.096
('better', 'worse')	0.0018954724455776464	0.098
('inoperative', 'operative')	0.0006652405443727605	0.098
('maxi', 'mini')	0.0006759514112636093	0.098
('weedless', 'weedy')	0.00034470796968389186	0.098
('friendly', 'unfriendly')	0.001758976882827959	0.1
('fortunate', 'unfortunate')	0.0010426107781609222	0.103
('rural', 'urban')	0.0005745643547791883	0.103
('anisotropic', 'isotropic')	0.00022493290411921413	0.104
('ample', 'meager')	0.0008196292761131711	0.108
('bottom', 'side')	0.0004819372108466999	0.108
('settled', 'unsettled')	0.0009029016940570863	0.108
('professional', 'unprofessional')	0.001688197876203201	0.11
('auspicious', 'inauspicious')	0.0007776363088241684	0.111
('diurnal', 'nocturnal')	0.00037279375906617857	0.111
('flattering', 'unflattering')	0.0007042568608415616	0.111
('acute', 'obtuse')	0.0006801428130032601	0.113
('gradual', 'sudden')	0.0006421955467826642	0.114
('compatible', 'incompatible')	0.0007197940472882594	0.115
('gross', 'net')	0.0005994471103234643	0.116
('bivalent', 'multivalent')	0.00017262493172083126	0.117
('common', 'individual')	0.00037432330567130356	0.117
('consumptive', 'generative')	0.00026501748910121286	0.119
('pleasant', 'unpleasant')	0.0013934057377391774	0.119
('tactful', 'tactless')	0.0007240885748093593	0.119
('careful', 'careless')	0.0009648797883889341	0.12
('overhead', 'subsurface')	0.0004997385496540762	0.121
('touched', 'untouched')	0.000601666605478092	0.121
('indoor', 'outdoor')	0.00036893208151913843	0.122
('asymmetrical', 'symmetrical')	0.00025772958332076403	0.125
('conformist', 'nonconformist')	0.0002735456675283885	0.125
('dry', 'wet')	0.0006714909159170309	0.125
('related', 'unrelated')	0.0006882338999442024	0.126
('shockable', 'unshockable')	0.000161375052502595	0.126
('amicable', 'hostile')	0.0004700119301962952	0.128
('conscious', 'unconscious')	0.0005762974281579404	0.13
('mesic', 'xeric')	0.00017911158153874384	0.13
('controlled', 'uncontrolled')	0.0005481247638054292	0.131
('nasty', 'nice')	0.001363082484823478	0.132
('absorbable', 'adsorbable')	0.0003922511856299443	0.133
('fancy', 'plain')	0.0004969140719843475	0.134
('structured', 'unstructured')	0.0004974656768684501	0.134
('desirable', 'undesirable')	0.0008375292285818861	0.136
('intermediate', 'terminal')	0.00031886731338072374	0.138
('leavened', 'unleavened')	0.0002636082374879471	0.139
('real', 'unreal')	0.0009964085841631162	0.139
('multilane', 'single-lane')	0.00014924428504910475	0.142
('illiterate', 'literate')	0.000693208662478532	0.143
('extensive', 'intensive')	0.000490224049294434	0.146
('hydrokinetic', 'hydrostatic')	0.0002650674096773631	0.146
('impassable', 'passable')	0.0006016241975876201	0.147
('insoluble', 'soluble')	0.0002824018987223572	0.148
('balanced', 'unbalanced')	0.000908491840111967	0.151
('one-piece', 'two-piece')	0.00022904396825507113	0.151
('crooked', 'straight')	0.0006283657048292198	0.152
('insubordinate', 'subordinate')	0.0006762849407915567	0.152
('irrational', 'rational')	0.0006175046414305923	0.153
('easy', 'uneasy')	0.0009672540676715653	0.155
('amphibious', 'terrestrial')	0.0002298874859239337	0.156
('qualitative', 'quantitative')	0.0002938481173598612	0.156
('eastern', 'western')	0.00031594960680877363	0.157
('actinomorphic', 'zygomorphic')	0.00011017240636158692	0.158
('ethical', 'unethical')	0.0005651134637313683	0.158
('insignificant', 'significant')	0.0010694937213440326	0.158
('pedunculate', 'sessile')	0.0002914811549721945	0.158
('breathing', 'breathless')	0.0005910775912409526	0.161
('foolish', 'wise')	0.0007867927995753709	0.161
('immortal', 'mortal')	0.0002003026656630883	0.165
('amphibious', 'aquatic')	0.0003251014880724023	0.166
('hardhearted', 'softhearted')	0.0001733942253143556	0.167
('loved', 'unloved')	0.0011793565632226694	0.169
('ambiguous', 'unambiguous')	0.00041715926036843716	0.171
('animate', 'inanimate')	0.00026024889281942324	0.171
('anti', 'pro')	0.00021757805840310826	0.173
('immiscible', 'miscible')	0.00014458852445361483	0.175
('reasonable', 'unreasonable')	0.0009652019107698837	0.176
('illegal', 'legal')	0.00030942732387301795	0.178
('new', 'old')	0.0006145931474342845	0.18
('useful', 'useless')	0.001073713987623343	0.18
('antemeridian', 'postmeridian')	0.00011095051620645764	0.181
('interesting', 'uninteresting')	0.0013624766939961362	0.182
('reliable', 'unreliable')	0.001139457564967812	0.182
('popular', 'unpopular')	0.0008245021743421999	0.185
('north', 'south')	0.00018859725640119757	0.186
('induced', 'spontaneous')	0.0003810681631817442	0.187
('deep', 'shallow')	0.00048185367267265366	0.189
('planned', 'unplanned')	0.0005544277744266874	0.19
('inward', 'outward')	0.00015044283243895737	0.194
('coastal', 'inland')	0.00027201896352314556	0.195
('strong', 'weak')	0.0008264656190847697	0.196
('playable', 'unplayable')	0.000518912939932518	0.197
('concentric', 'eccentric')	0.00042825317066903876	0.198
('hurried', 'unhurried')	0.00069380477341301	0.198
('beautiful', 'ugly')	0.0013017380876563529	0.2
('publishable', 'unpublishable')	0.00027227577920516544	0.2
('elegant', 'inelegant')	0.0011078599990298511	0.204
('familiar', 'strange')	0.0005201511599287074	0.204
('curable', 'incurable')	0.000239683871344939	0.205
('manageable', 'unmanageable')	0.0005264570023780866	0.207
('mitigated', 'unmitigated')	0.00031356484553150127	0.208
('organized', 'unorganized')	0.00085319918860461	0.208
('external', 'internal')	0.00013425884960097632	0.214
('bisexual', 'heterosexual')	0.0003531489218098127	0.216
('caudal', 'cephalic')	0.0001268711003286271	0.216
('acceptive', 'rejective')	8.353459587551724e-05	0.218
('insufficient', 'sufficient')	0.0006304551896435476	0.218
('dehiscent', 'indehiscent')	8.197762540582132e-05	0.219
('made', 'unmade')	0.001090111803814721	0.219
('covert', 'overt')	0.00021926537513124612	0.221
('traceable', 'untraceable')	0.00021825575445462257	0.223
('employable', 'unemployable')	0.00037747769389516635	0.227
('compressible', 'incompressible')	0.00019843153444877581	0.229
('inviting', 'uninviting')	0.0011396646643223839	0.229
('conjunct', 'disjunct')	0.0001429912058714673	0.231
('bound', 'free')	0.00029351068423006353	0.235
('maximum', 'minimum')	0.0002660161370135281	0.235
('downstream', 'upstream')	0.0001703612343568724	0.236
('feminine', 'masculine')	0.00015851353164675341	0.236
('fertile', 'sterile')	0.0002313150186778138	0.236
('efficient', 'inefficient')	0.0009013696932491499	0.237
('footed', 'footless')	0.00023946187564507495	0.239
('chartered', 'unchartered')	0.0003390782403631101	0.241
('meaningful', 'meaningless')	0.0006279337083090527	0.242
('center', 'right')	0.0005583964389942603	0.244
('hospitable', 'inhospitable')	0.0006324389047751983	0.248
('center', 'left')	0.00044010990337082535	0.25
('empirical', 'theoretical')	0.00013500340903455652	0.251
('overhand', 'underhand')	0.00015090125615588442	0.251
('gaseous', 'liquid')	0.00044654903366677864	0.252
('improbable', 'probable')	0.0003466997348606062	0.252
('valuable', 'worthless')	0.0007419370008866014	0.252
('full', 'thin')	0.00048184321896050687	0.254
('ectomorphic', 'mesomorphic')	0.00010610262411237534	0.256
('repentant', 'unrepentant')	0.0001393426691598228	0.257
('breakable', 'unbreakable')	0.00018313549482935855	0.258
('debilitating', 'invigorating')	0.00048134675258216034	0.258
('acceptable', 'unacceptable')	0.0003868643430542879	0.262
('bowed', 'plucked')	0.00025215561663658684	0.262
('disrespectful', 'respectful')	0.0005970187042770199	0.267
('seated', 'standing')	0.000426957111642888	0.268
('cultivated', 'uncultivated')	0.00042993353924114085	0.269
('necked', 'neckless')	0.00016202929599443573	0.27
('defeasible', 'indefeasible')	5.763216330885684e-05	0.272
('alternate', 'opposite')	0.00021753984832427117	0.273
('high-resolution', 'low-resolution')	0.0004544014513828843	0.273
('accentual', 'syllabic')	0.00011281573645476484	0.275
('broad-minded', 'narrow-minded')	0.0002407516308030027	0.275
('central', 'peripheral')	0.0002786975861117239	0.275
('enforceable', 'unenforceable')	0.00024831186378829456	0.276
('intelligible', 'unintelligible')	0.00026646038227303576	0.278
('interspecies', 'intraspecies')	0.00017734598052972228	0.279
('blemished', 'unblemished')	0.000178260144909923	0.28
('analytic', 'synthetic')	0.00017158585382634484	0.281
('endothermic', 'exothermic')	6.919835143444483e-05	0.283
('armed', 'armless')	0.0004332477264837233	0.284
('perinatal', 'postnatal')	7.569947460801156e-05	0.286
('meatless', 'meaty')	0.00026765384564041324	0.293
('complete', 'incomplete')	0.0003148323110474631	0.295
('branchless', 'branchy')	7.057203583814677e-05	0.297
('appealing', 'unappealing')	0.0006950234372034795	0.298
('oblate', 'prolate')	8.49432071144793e-05	0.298
('monophonic', 'polyphonic')	0.000157689258534717	0.299
('parallel', 'perpendicular')	0.00023481248105332048	0.306
('fit', 'unfit')	0.0003629968781785325	0.307
('differentiated', 'undifferentiated')	0.00019973707414586497	0.308
('printable', 'unprintable')	0.00033953286928431643	0.309
('ascending', 'descending')	0.0001021120789282434	0.311
('dependent', 'independent')	0.00017059007086966775	0.313
('unusual', 'usual')	0.00023288131597750793	0.313
('dextral', 'sinistral')	6.035856817074477e-05	0.315
('informed', 'uninformed')	0.00042787941162777607	0.317
('detected', 'undetected')	0.0001805245710201171	0.318
('painful', 'painless')	0.0003106856372763478	0.318
('realistic', 'unrealistic')	0.0003251064036721204	0.318
('afferent', 'efferent')	7.651677290223657e-05	0.321
('available', 'unavailable')	0.00035284479924500844	0.321
('guilty', 'innocent')	0.0001599586934827339	0.327
('insectivorous', 'omnivorous')	8.340215007648314e-05	0.327
('irremovable', 'removable')	0.00042082942719662807	0.332
('endogamous', 'exogamous')	5.161240043738413e-05	0.333
('insensitive', 'sensitive')	0.0002889328107047121	0.333
('pardonable', 'unpardonable')	0.00010314981044028636	0.333
('attributive', 'predicative')	5.890780661595759e-05	0.335
('absent', 'present')	0.0002732261827943349	0.336
('dysgenic', 'eugenic')	0.00010127447342617949	0.336
('effective', 'ineffective')	0.0004267600249028905	0.336
('competent', 'incompetent')	0.00035237692990169357	0.338
('distrustful', 'trustful')	0.000174569165828445	0.338
('compact', 'loose')	0.00020509963083623246	0.34
('postnatal', 'prenatal')	0.00010152169265229341	0.34
('curtained', 'curtainless')	0.0002983395215080363	0.341
('comprehensible', 'incomprehensible')	0.00019389376629738546	0.343
('away', 'home')	0.000171659488080682	0.347
('monolingual', 'multilingual')	0.00020363456287939875	0.347
('adjusted', 'maladjusted')	0.0003579480854875045	0.35
('contrasty', 'flat')	0.00033991469092269945	0.35
('bottle-fed', 'breast-fed')	7.203847040565103e-05	0.351
('anionic', 'cationic')	4.5354109959844235e-05	0.352
('aquatic', 'terrestrial')	9.169615434271314e-05	0.352
('tuneful', 'tuneless')	0.0002484843191207925	0.352
('invertebrate', 'vertebrate')	8.296250959458377e-05	0.354
('tracked', 'trackless')	0.00019874886049830662	0.354
('autumnal', 'summery')	8.568338141739075e-05	0.356
('lucky', 'unlucky')	0.0003431157009775674	0.36
('bimodal', 'unimodal')	6.042478319497231e-05	0.361
('congruous', 'incongruous')	0.00021331967955292696	0.361
('registered', 'unregistered')	0.00021677424767477423	0.362
('intractable', 'tractable')	0.00011647422950794573	0.363
('primary', 'secondary')	7.685070956132576e-05	0.363
('equitable', 'inequitable')	0.00019689066459466307	0.364
('hateful', 'lovable')	0.00014980726304231976	0.364
('gutless', 'gutsy')	0.0001110127453766074	0.365
('complimentary', 'uncomplimentary')	0.0002815998098713319	0.366
('experienced', 'inexperienced')	0.0002641761719396618	0.368
('conventional', 'unconventional')	0.0002061553579507623	0.369
('hydric', 'mesic')	5.111948307011654e-05	0.369
('regulated', 'unregulated')	0.00011007428964695046	0.369
('invisible', 'visible')	0.00011079927414932127	0.371
('hypertonic', 'hypotonic')	3.453542557782302e-05	0.372
('excusable', 'inexcusable')	9.306663436869575e-05	0.373
('odorless', 'odorous')	7.708044070717322e-05	0.376
('continent', 'incontinent')	0.00018768369199181466	0.379
('extracellular', 'intracellular')	4.2882274173657465e-05	0.379
('known', 'unknown')	0.00011963852317991783	0.379
('monovalent', 'polyvalent')	5.9820885323028355e-05	0.38
('immoral', 'moral')	0.00012112056268347594	0.381
('asleep', 'awake')	8.192648858026952e-05	0.383
('favorable', 'unfavorable')	0.00025144133419913	0.383
('recoverable', 'unrecoverable')	0.0001003082398514472	0.383
('tasteless', 'tasty')	0.000291902570214584	0.384
('lost', 'won')	7.157981985585378e-05	0.385
('judgmental', 'nonjudgmental')	0.00012924125078763848	0.388
('lean', 'rich')	8.34749494299054e-05	0.39
('hypertensive', 'hypotensive')	4.560504210236044e-05	0.391
('endemic', 'epidemic')	6.0776048027430356e-05	0.394
('distinct', 'indistinct')	0.00021673836832003697	0.397
('subscript', 'superscript')	2.7428338442320958e-05	0.397
('profound', 'superficial')	8.673929258714436e-05	0.4
('charitable', 'uncharitable')	0.0001850657448503011	0.406
('seeded', 'unseeded')	9.735306218217488e-05	0.407
('high-rise', 'low-rise')	5.2439824911784325e-05	0.411
('interested', 'uninterested')	0.00031508646814187857	0.414
('anti-American', 'pro-American')	6.390107453854016e-05	0.415
('old', 'young')	5.422098197061572e-05	0.415
('explicit', 'implicit')	5.9546594532906144e-05	0.416
('democratic', 'undemocratic')	0.00013219364135345565	0.418
('specified', 'unspecified')	8.925456321078572e-05	0.418
('postnuptial', 'prenuptial')	7.015158311171957e-05	0.421
('haploid', 'polyploid')	3.333640689005043e-05	0.423
('helpful', 'unhelpful')	0.0002606060736473261	0.424
('northern', 'southern')	3.35212323862074e-05	0.424
('anal', 'oral')	7.142555585721092e-05	0.429
('domineering', 'submissive')	3.5540746817756645e-05	0.429
('convergent', 'divergent')	5.097276476904826e-05	0.43
('decisive', 'indecisive')	8.094637659194007e-05	0.43
('dry', 'sweet')	6.829254689808516e-05	0.431
('adorned', 'unadorned')	4.5487374338241265e-05	0.433
('actual', 'potential')	4.69405989146068e-05	0.435
('even', 'odd')	3.593016957286095e-05	0.436
('altruistic', 'egoistic')	6.407726140222024e-05	0.439
('immutable', 'mutable')	1.6451672019516216e-05	0.44
('precocious', 'retarded')	6.736472744117532e-05	0.441
('impolitic', 'politic')	5.7023243763081564e-05	0.443
('concentrated', 'distributed')	3.2956900432859135e-05	0.445
('hypotensive', 'normotensive')	2.1319976057426835e-05	0.445
('disorderly', 'orderly')	4.3626476964498014e-05	0.446
('generous', 'stingy')	8.510308438296026e-05	0.448
('preceding', 'succeeding')	3.1703274199026445e-05	0.449
('inhibited', 'uninhibited')	4.588190134081384e-05	0.451
('green', 'ripe')	3.6279373482392754e-05	0.454
('civil', 'uncivil')	5.2211837846734624e-05	0.455
('misused', 'used')	6.0843771267511323e-05	0.458
('allopathic', 'homeopathic')	4.851118621338173e-06	0.459
('paved', 'unpaved')	2.9644317369827144e-05	0.463
('likely', 'unlikely')	1.7990588183221592e-05	0.464
('lipless', 'lipped')	-2.664811877673909e-06	0.468
('first', 'last')	3.837164196908178e-05	0.471
('high-tech', 'low-tech')	2.4443859653783782e-05	0.471
('allogeneic', 'xenogeneic')	1.8487613719985613e-05	0.473
('seedless', 'seedy')	-2.7366504122798216e-05	0.477
('scientific', 'unscientific')	-1.4667357872352738e-07	0.478
('autologous', 'homologous')	5.562774162144301e-06	0.479
('faced', 'faceless')	3.639896296627702e-05	0.479
('reactive', 'unreactive')	-9.210266244485607e-06	0.482
('tapped', 'untapped')	-8.973705838441308e-06	0.485
('constitutional', 'unconstitutional')	-2.089934142195625e-05	0.487
('knowable', 'unknowable')	-1.1538193280619113e-05	0.487
('heavy-duty', 'light-duty')	-1.3815193585902871e-05	0.489
('multivalent', 'univalent')	-4.6960388979115815e-06	0.491
('salable', 'unsalable')	-1.0388896587229003e-05	0.491
('anaphrodisiac', 'aphrodisiac')	-4.987738818262345e-05	0.492
('attachable', 'detachable')	-3.719429066555407e-05	0.492
('endogenic', 'exogenic')	-5.5172973638432064e-06	0.497
('heterogeneous', 'homogeneous')	-1.2758840452169965e-05	0.498
('occupied', 'unoccupied')	-2.100248310270801e-05	0.499
('heavy-footed', 'light-footed')	-1.7155943488246332e-05	0.502
('responsive', 'unresponsive')	-2.279334388409493e-05	0.502
('reconstructed', 'unreconstructed')	-2.6880321924925912e-05	0.504
('catadromous', 'diadromous')	-2.9314652774728705e-06	0.505
('demonstrative', 'undemonstrative')	-4.853362588801927e-05	0.507
('adoptive', 'biological')	-1.747173159767374e-05	0.509
('basic', 'incidental')	-2.029208973488867e-05	0.511
('falling', 'rising')	-2.3036677123984203e-05	0.511
('hypertensive', 'normotensive')	-3.2581278583375395e-05	0.511
('molar', 'molecular')	-1.9399949265287708e-05	0.512
('tame', 'wild')	-4.161845108807422e-05	0.515
('tubed', 'tubeless')	-7.92088572234683e-06	0.515
('complex', 'simple')	-5.7397843308632825e-05	0.517
('predictable', 'unpredictable')	-2.7979125375800044e-05	0.519
('brachycephalic', 'dolichocephalic')	-9.08700625249512e-06	0.52
('geocentric', 'heliocentric')	-9.566385775470077e-06	0.52
('lowland', 'upland')	-1.8358258178529773e-05	0.52
('prejudiced', 'unprejudiced')	-5.87975517132985e-05	0.521
('absolute', 'relative')	-8.935826149433172e-05	0.522
('combed', 'uncombed')	-7.434658880181577e-05	0.522
('changeable', 'unchangeable')	-3.306272414786444e-05	0.523
('contracted', 'expanded')	-3.6031393383863415e-05	0.525
('heterosexual', 'homosexual')	-3.0691811527351186e-05	0.525
('protected', 'unprotected')	-5.5203247262039165e-05	0.525
('automatic', 'manual')	-2.1670119210964126e-05	0.526
('medical', 'surgical')	-4.4761478967982396e-05	0.527
('inflected', 'uninflected')	-4.8348713953731345e-05	0.529
('certain', 'uncertain')	-6.738027079107589e-05	0.53
('linear', 'nonlinear')	-3.872599452313212e-05	0.53
('determinable', 'indeterminable')	-3.4980351688370694e-05	0.531
('harmful', 'harmless')	-3.3320769767990546e-05	0.534
('forte', 'piano')	-8.632779611692301e-05	0.536
('diploid', 'polyploid')	-6.847837183867429e-05	0.538
('proximate', 'ultimate')	-0.0001794197801236845	0.542
('dissimilar', 'similar')	-0.00018161042314479743	0.543
('air-to-surface', 'surface-to-air')	-3.15250949798865e-05	0.546
('cared-for', 'uncared-for')	-5.357918309549254e-05	0.549
('grammatical', 'ungrammatical')	-0.00011834923944323544	0.55
('scheduled', 'unscheduled')	-0.00018035896903866727	0.551
('declarative', 'interrogative')	-3.832939178664927e-05	0.552
('closing', 'opening')	-9.690944144285975e-05	0.553
('dystopian', 'utopian')	-3.836264895076477e-05	0.553
('infernal', 'supernal')	-7.575447697999536e-05	0.553
('motivated', 'unmotivated')	-0.00018399751998941435	0.555
('attached', 'detached')	-0.00012922086889392923	0.558
('healthful', 'unhealthful')	-0.00018570041923357192	0.558
('implausible', 'plausible')	-0.0001476370104964604	0.559
('sound', 'unsound')	-0.00018807167908097347	0.56
('domestic', 'foreign')	-5.7901055570555495e-05	0.565
('regenerate', 'unregenerate')	-0.00013249391925252308	0.566
('determinate', 'indeterminate')	-5.568318447117049e-05	0.57
('androgynous', 'male')	-0.00017796591665170634	0.571
('downstage', 'upstage')	-0.00013680720219089604	0.575
('bisexual', 'homosexual')	-0.00011114505403107648	0.577
('costive', 'laxative')	-0.00016179487159924313	0.577
('oviparous', 'ovoviviparous')	-3.009678756727709e-05	0.577
('trained', 'untrained')	-0.0002368694059883599	0.578
('thrifty', 'wasteful')	-0.00011342541881172608	0.579
('unwearable', 'wearable')	-0.00022817170787616144	0.579
('dignified', 'undignified')	-0.00016560159315112156	0.58
('waning', 'waxing')	-7.900064965189572e-05	0.58
('characteristic', 'uncharacteristic')	-0.00023419036335403827	0.581
('ill-advised', 'well-advised')	-0.00010387262424732535	0.581
('hairless', 'hairy')	-9.611043094802461e-05	0.582
('fragrant', 'malodorous')	-0.0002093680171653088	0.583
('incoming', 'outgoing')	-0.000145531212667872	0.584
('friendly', 'hostile')	-0.00030562388980724317	0.585
('free', 'unfree')	-0.0004051844261987944	0.586
('contestable', 'incontestable')	-4.464236984465372e-05	0.588
('developed', 'undeveloped')	-0.00012719050973383772	0.588
('shod', 'unshod')	-9.031156820484346e-05	0.588
('dying', 'nascent')	-0.00017227401593723074	0.592
('high-interest', 'low-interest')	-4.664170750025894e-05	0.592
('irremediable', 'remediable')	-2.891989347048149e-05	0.593
('lower-class', 'upper-class')	-0.00011027316515897041	0.594
('desensitizing', 'sensitizing')	-4.699759906119129e-05	0.595
('monotheistic', 'polytheistic')	-5.5887918316157616e-05	0.597
('difficult', 'easy')	-0.0002306300337358725	0.598
('natural', 'supernatural')	-0.00014754030111912338	0.598
('fast', 'slow')	-0.00028154968867115555	0.6
('conclusive', 'inconclusive')	-8.86727146399138e-05	0.602
('invariable', 'variable')	-0.0002101322251266205	0.602
('derived', 'underived')	-0.00036970158540438995	0.603
('sleeved', 'sleeveless')	-6.248841916617039e-05	0.604
('consummated', 'unconsummated')	-0.0001605273169209432	0.605
('heterologous', 'homologous')	-8.142528403511616e-05	0.605
('arenaceous', 'argillaceous')	-5.238794758836854e-05	0.606
('equatorial', 'polar')	-0.00011940417674077657	0.606
('profitable', 'unprofitable')	-0.00031599488171614454	0.606
('admissible', 'inadmissible')	-0.00010056489689617542	0.61
('insolvent', 'solvent')	-0.00013583329223693184	0.611
('attractive', 'repulsive')	-0.0003416032430277275	0.613
('unwilling', 'willing')	-0.0003581615063831742	0.613
('half', 'whole')	-0.00017808206202526555	0.614
('pronounceable', 'unpronounceable')	-8.995788073421808e-05	0.614
('irreducible', 'reducible')	-7.26745257413181e-05	0.616
('forgettable', 'unforgettable')	-0.0004028589109847328	0.618
('androgynous', 'female')	-0.0003510371492175656	0.62
('equivocal', 'unequivocal')	-0.00014440119852837316	0.626
('endogenous', 'exogenous')	-5.236469802325145e-05	0.629
('sonic', 'subsonic')	-0.0002008428981176572	0.63
('monogamous', 'polygamous')	-8.894699813531736e-05	0.632
('palatable', 'unpalatable')	-0.00019538403970858608	0.632
('certified', 'uncertified')	-0.00038721666262882086	0.633
('coated', 'uncoated')	-0.00028505674548787684	0.633
('coldhearted', 'warmhearted')	-0.00020696006023619793	0.633
('distinguishable', 'indistinguishable')	-9.05117959259915e-05	0.633
('early', 'late')	-0.00012004093504346374	0.633
('bivalve', 'univalve')	-0.0001183752132386754	0.634
('continental', 'intercontinental')	-0.00015206680040668295	0.634
('subjacent', 'superjacent')	-6.711507969243188e-05	0.639
('important', 'unimportant')	-0.0004877927621970944	0.64
('reserved', 'unreserved')	-0.0002961981743161866	0.64
('virtuous', 'wicked')	-0.00023229933337815672	0.64
('destructible', 'indestructible')	-9.893630351528234e-05	0.644
('extinguishable', 'inextinguishable')	-8.092800984964591e-05	0.647
('nonpsychoactive', 'psychoactive')	-0.0002820867797770068	0.648
('off', 'on')	-0.00014353438653010985	0.648
('few', 'many')	-0.0002799359967727167	0.649
('double-breasted', 'single-breasted')	-8.393052437640023e-05	0.65
('unventilated', 'ventilated')	-0.00022688746246207758	0.65
('correct', 'incorrect')	-0.0003362902406448629	0.651
('cheerful', 'depressing')	-0.00042586848760366863	0.652
('datable', 'undatable')	-0.0002050387376113594	0.652
('clear', 'cloudy')	-0.00031946507345947776	0.653
('rough', 'smooth')	-0.00024121924498513546	0.653
('anodic', 'cathodic')	-6.356257608248345e-05	0.654
('joyless', 'joyous')	-0.00037116570149818735	0.654
('articulate', 'inarticulate')	-0.0004089619971114084	0.655
('fashionable', 'unfashionable')	-0.0004774019945168063	0.656
('unworthy', 'worthy')	-0.00040552580151481665	0.658
('nonviolent', 'violent')	-0.0002949078342796719	0.66
('normal', 'paranormal')	-0.00017929792987731504	0.664
('acidic', 'alkaline')	-0.00017764288894609034	0.665
('discriminate', 'indiscriminate')	-0.00013183110918202866	0.666
('premeditated', 'unpremeditated')	-0.00017476044171373627	0.668
('productive', 'unproductive')	-0.0005151837279992605	0.668
('crowned', 'uncrowned')	-0.000502927078768917	0.67
('binaural', 'monaural')	-0.000109565701517158	0.671
('blessed', 'cursed')	-0.0003977238533340744	0.671
('disenchanted', 'enchanted')	-0.0003076961318456105	0.671
('greater', 'lesser')	-0.0003064727346696709	0.672
('inferior', 'superior')	-0.0005427544612493142	0.672
('smokeless', 'smoky')	-0.00019854124046715486	0.672
('atrophied', 'hypertrophied')	-0.00014916476229554897	0.675
('unwrinkled', 'wrinkled')	-0.00038859820748849035	0.675
('backed', 'backless')	-0.00032437948852705525	0.676
('anticholinergic', 'cholinergic')	-5.662463868714995e-05	0.677
('imperishable', 'perishable')	-0.0002688830493208444	0.679
('all', 'no')	-0.00015346054988361196	0.68
('fresh', 'salty')	-0.0004091962690454514	0.681
('accessible', 'inaccessible')	-0.00038054846366618496	0.683
('adiabatic', 'diabatic')	-0.00017680446200453795	0.683
('fractional', 'whole')	-0.00041417954925903125	0.684
('lawful', 'unlawful')	-0.00014342725944349556	0.686
('elastic', 'inelastic')	-0.00039797935995194555	0.687
('passing', 'running')	-0.00018789846457625738	0.691
('accompanied', 'unaccompanied')	-0.00026594973770108655	0.692
('bad', 'good')	-0.0009091316972441935	0.693
('following', 'leading')	-0.00022907859208038447	0.694
('other', 'same')	-0.000242959710438982	0.694
('bivalent', 'univalent')	-8.820714447746935e-05	0.695
('civilian', 'military')	-0.00027521439441057557	0.696
('discouraging', 'encouraging')	-0.0005596371595436734	0.696
('mated', 'unmated')	-0.0004738348049765752	0.697
('downmarket', 'upmarket')	-0.00046678796548627055	0.698
('sympathetic', 'unsympathetic')	-0.00048068484937242254	0.698
('formed', 'unformed')	-0.0006680763125325121	0.699
('grateful', 'ungrateful')	-0.0005313085796546328	0.699
('air-to-air', 'surface-to-air')	-0.0001386385023932988	0.701
('intolerable', 'tolerable')	-0.0002815387076453924	0.702
('annual', 'perennial')	-0.00028977054316101265	0.705
('general', 'local')	-0.0002621604190950009	0.705
('disliked', 'liked')	-0.0005159098706869966	0.707
('hydrophilic', 'hydrophobic')	-8.686382357211433e-05	0.707
('humorless', 'humorous')	-0.0004268591477894091	0.708
('ionized', 'nonionized')	-0.0004824301571306061	0.709
('multinucleate', 'uninucleate')	-8.943087226136875e-05	0.709
('creative', 'uncreative')	-0.001005380778723055	0.711
('loaded', 'unloaded')	-0.0003911901097804725	0.712
('trustworthy', 'untrustworthy')	-0.000579297909819346	0.713
('impure', 'pure')	-0.0005030615557639166	0.716
('just', 'unjust')	-0.000573197506886898	0.717
('accurate', 'inaccurate')	-0.0005630383058744456	0.718
('eligible', 'ineligible')	-0.0004711607588462653	0.718
('idiographic', 'nomothetic')	-9.056125177700101e-05	0.72
('imperfect', 'perfect')	-0.0006298740843955607	0.722
('conventional', 'nuclear')	-0.0001666749248228688	0.723
('laced', 'unlaced')	-0.0006893164994936207	0.727
('accentual', 'quantitative')	-0.0006009882604832636	0.728
('additive', 'subtractive')	-0.0003123526383025316	0.728
('arranged', 'disarranged')	-0.0010950192398800317	0.728
('belted', 'unbelted')	-0.0003040530731421142	0.729
('breasted', 'breastless')	-0.0005946309039424422	0.729
('existent', 'nonexistent')	-0.00020833717876119363	0.729
('dioecious', 'monoecious')	-0.00010345145448392452	0.73
('impractical', 'practical')	-0.0006274367127199407	0.73
('juiceless', 'juicy')	-0.0008889285213541966	0.732
('leafless', 'leafy')	-0.0004170206555534012	0.732
('leaky', 'tight')	-0.0003270536909333703	0.732
('esoteric', 'exoteric')	-0.0006165103942861461	0.733
('re-entrant', 'salient')	-0.00031780160829045483	0.733
('tucked', 'untucked')	-0.0006511380746145358	0.733
('multiple', 'single')	-0.0002317800505118343	0.735
('documented', 'undocumented')	-0.0002556739746979661	0.736
('powered', 'unpowered')	-0.0005604331191138099	0.736
('scrupulous', 'unscrupulous')	-0.00031464508869121464	0.737
('capitalistic', 'socialistic')	-0.00013908682322645843	0.738
('bicameral', 'unicameral')	-0.00010812319359801469	0.739
('scalable', 'unscalable')	-0.0006928258061161957	0.739
('common', 'uncommon')	-0.00043622793488940284	0.742
('compromising', 'uncompromising')	-0.00025578060425524105	0.742
('sexy', 'unsexy')	-0.0008925746065761263	0.742
('freelance', 'salaried')	-0.0002708958110490224	0.744
('disingenuous', 'ingenuous')	-0.00043715698183719766	0.745
('able', 'unable')	-0.0007405958551776198	0.746
('expected', 'unexpected')	-0.0005155524721024603	0.747
('cold-blooded', 'warm-blooded')	-0.00018779106168231342	0.748
('deciphered', 'undeciphered')	-0.0002822644865917729	0.748
('limbed', 'limbless')	-0.0001286985226328259	0.748
('masculine', 'neuter')	-0.00030459245521660596	0.748
('abnormal', 'normal')	-0.0003854908571069458	0.75
('hardened', 'soft')	-0.00031265656998132225	0.75
('supported', 'unsupported')	-0.0005098750312609451	0.752
('imprecise', 'precise')	-0.000818220287150697	0.755
('privileged', 'underprivileged')	-0.0002352028046888532	0.757
('diploid', 'haploid')	-8.603715114667522e-05	0.758
('ovoviviparous', 'viviparous')	-0.00011726371014319646	0.759
('manned', 'unmanned')	-0.0001903137962867064	0.76
('junior', 'senior')	-0.00028907389283985493	0.762
('modified', 'unmodified')	-0.0005254418896941723	0.762
('insubstantial', 'substantial')	-0.000993538195372996	0.765
('husbandly', 'wifely')	-0.00015534211282726721	0.77
('out', 'safe')	-0.000612491867313711	0.77
('negative', 'positive')	-0.0005481429693638875	0.772
('bipolar', 'unipolar')	-0.000543964320776762	0.773
('airworthy', 'unairworthy')	-0.00028176553357911124	0.775
('minus', 'plus')	-0.0004734804230447087	0.776
('lidded', 'lidless')	-0.0003705685606520733	0.777
('religious', 'secular')	-0.0002900639980041109	0.777
('bottom-up', 'top-down')	-0.00023015381657548548	0.778
('off-site', 'on-site')	-0.00043609524486717	0.778
('connotative', 'denotative')	-0.00014426381055206551	0.779
('conspicuous', 'inconspicuous')	-0.00029235401815093636	0.779
('anticlimactic', 'climactic')	-0.0005210651979500403	0.783
('absorbent', 'nonabsorbent')	-0.0005483530820632821	0.784
('apologetic', 'unapologetic')	-0.00023969753034069462	0.784
('quantitative', 'syllabic')	-0.0004551265773833999	0.784
('contented', 'discontented')	-0.00046077116228089923	0.785
('continual', 'sporadic')	-0.00022974557706775985	0.785
('less', 'more')	-0.0005906500289119074	0.785
('postwar', 'prewar')	-0.00019444039170742142	0.785
('due', 'undue')	-0.0006432830809184331	0.786
('encumbered', 'unencumbered')	-0.00028171876393986214	0.786
('seasonal', 'year-round')	-0.0002765461839569442	0.786
('nontraditional', 'traditional')	-0.0008915821390134138	0.787
('rimless', 'rimmed')	-0.0002645007168326271	0.787
('christian', 'unchristian')	-0.0008476639694839899	0.789
('progressive', 'regressive')	-0.0005594761587856293	0.791
('endergonic', 'exergonic')	-0.00011539785009922424	0.792
('eyed', 'eyeless')	-0.0008236521544284486	0.793
('concealing', 'revealing')	-0.0005137826759598384	0.795
('principled', 'unprincipled')	-0.0004507306274236945	0.796
('all', 'some')	-0.00038569165793660067	0.8
('eventful', 'uneventful')	-0.00026422437989016487	0.801
('treated', 'untreated')	-0.000507011204440716	0.801
('optimistic', 'pessimistic')	-0.0005737219671936283	0.803
('future', 'present')	-0.0003529196523915255	0.806
('handmade', 'machine-made')	-0.0007236129717200293	0.807
('atonic', 'tonic')	-0.0007584812589827988	0.808
('ironed', 'unironed')	-0.001090565734770857	0.808
('tied', 'untied')	-0.0009619164811129864	0.808
('directional', 'omnidirectional')	-0.0004409609442687368	0.809
('ignoble', 'noble')	-0.0008826729864213224	0.809
('selfish', 'unselfish')	-0.000664002711938786	0.809
('general', 'specific')	-0.0003471213976916337	0.811
('compound', 'simple')	-0.0004329144995167322	0.813
('docile', 'stubborn')	-0.0003217023883858774	0.813
('bloodless', 'bloody')	-0.0006937808847868182	0.814
('centralized', 'decentralized')	-0.0002918050207004353	0.815
('musical', 'unmusical')	-0.001702807523056172	0.815
('carpeted', 'uncarpeted')	-0.0008606802269957988	0.819
('glazed', 'unglazed')	-0.0005052474467028825	0.819
('inspiring', 'uninspiring')	-0.0012546729309154212	0.819
('leeward', 'windward')	-0.00024521579183365986	0.819
('past', 'present')	-0.0006361276812620695	0.82
('convincing', 'unconvincing')	-0.0012499624604461884	0.821
('sealed', 'unsealed')	-0.0006524974785276725	0.821
('limited', 'unlimited')	-0.0004062188222013633	0.823
('signed', 'unsigned')	-0.0005252300709730718	0.823
('appetizing', 'unappetizing')	-0.0006933519087532038	0.824
('antiseptic', 'septic')	-0.0002641693213210807	0.825
('crowded', 'uncrowded')	-0.0007481194118128236	0.825
('lined', 'unlined')	-0.000777033809838395	0.826
('disabling', 'enabling')	-0.0005321566663924098	0.828
('dishonorable', 'honorable')	-0.0007201270478172277	0.828
('seaworthy', 'unseaworthy')	-0.00040529976874453637	0.828
('brave', 'cowardly')	-0.0007305232336101706	0.829
('patriotic', 'unpatriotic')	-0.0006363429575414296	0.829
('sure', 'unsure')	-0.001043121730253888	0.829
('ashamed', 'unashamed')	-0.0008799278480839876	0.83
('linear', 'planar')	-0.00036387635474472227	0.831
('unwholesome', 'wholesome')	-0.0008229178552409105	0.832
('improper', 'proper')	-0.0007025948320946128	0.833
('international', 'national')	-0.00022189219103573585	0.833
('corporeal', 'incorporeal')	-0.0002771839810097837	0.835
('castrated', 'uncastrated')	-0.0005968224460344406	0.836
('cubic', 'planar')	-0.0002849068924600886	0.836
('left', 'right')	-0.0006911599421211157	0.836
('majuscule', 'minuscule')	-0.000721017080297137	0.836
('innumerate', 'numerate')	-0.00032279847089469044	0.837
('artful', 'artless')	-0.0005507627937498677	0.838
('seasoned', 'unseasoned')	-0.0011742878372100023	0.838
('adaptive', 'maladaptive')	-0.0006721007527490724	0.839
('poor', 'rich')	-0.0009421785636117876	0.839
('colorful', 'colorless')	-0.0006726170404087062	0.84
('kind', 'unkind')	-0.001307792614862231	0.84
('evil', 'good')	-0.0011189135882208583	0.841
('abridged', 'unabridged')	-0.0002339257855902858	0.842
('repeatable', 'unrepeatable')	-0.0005494130893637407	0.842
('composed', 'discomposed')	-0.001335900608442778	0.843
('biped', 'quadruped')	-0.000188242111292146	0.845
('trimmed', 'untrimmed')	-0.0006936056186289561	0.845
('adjective', 'substantive')	-0.00041199082470875104	0.846
('colourful', 'colourless')	-0.0007135157270936852	0.846
('depressant', 'stimulative')	-0.0002171417725808731	0.846
('thermoplastic', 'thermosetting')	-0.0004213210322149153	0.846
('ambidextrous', 'left-handed')	-0.000364599577218063	0.847
('aware', 'unaware')	-0.0009423333555572278	0.847
('concealed', 'unconcealed')	-0.001354196712695115	0.847
('nontoxic', 'toxic')	-0.000751003334655994	0.847
('chromatic', 'diatonic')	-0.00024405554499443236	0.848
('weightless', 'weighty')	-0.0002713718876390151	0.849
('clockwise', 'counterclockwise')	-0.00046842339415708017	0.85
('nontaxable', 'taxable')	-0.0007496582708013833	0.85
('nominal', 'real')	-0.000814352235605869	0.852
('immodest', 'modest')	-0.001288219384109458	0.853
('obstructed', 'unobstructed')	-0.0006638683286172712	0.853
('intended', 'unintended')	-0.0006182149190623485	0.854
('official', 'unofficial')	-0.0006567524090977418	0.854
('eradicable', 'ineradicable')	-0.0002166953660197716	0.855
('allochthonous', 'autochthonous')	-0.00027026527883029046	0.856
('impartial', 'partial')	-0.000523576308292209	0.856
('functioning', 'malfunctioning')	-0.0007725861457413569	0.857
('nonvolatile', 'volatile')	-0.0005719849277426364	0.857
('inner', 'outer')	-0.000508914212751654	0.858
('listed', 'unlisted')	-0.0009467086466434464	0.858
('selected', 'unselected')	-0.001352582730267525	0.86
('afebrile', 'febrile')	-0.0004986430316217981	0.861
('ceilinged', 'floored')	-0.000996692498055297	0.861
('scented', 'scentless')	-0.0009715622340945316	0.861
('future', 'past')	-0.0006994891829930228	0.862
('nonspherical', 'spherical')	-0.0009853359639655536	0.862
('oblique', 'parallel')	-0.00043557845785886177	0.862
('solved', 'unsolved')	-0.0005272570418747456	0.862
('deaf', 'hearing')	-0.0005107457111153671	0.863
('fraternal', 'identical')	-0.0006446486136249983	0.863
('subsurface', 'surface')	-0.0009688257829942749	0.863
('disintegrative', 'integrative')	-0.0006496469789824258	0.864
('displeased', 'pleased')	-0.0012520468305242255	0.864
('lighted', 'unlighted')	-0.0010529138107903905	0.864
('nonsectarian', 'sectarian')	-0.00048706027847310145	0.865
('perinatal', 'prenatal')	-0.00039587808359432645	0.865
('subhuman', 'superhuman')	-0.0005017159130034548	0.865
('ambidextrous', 'right-handed')	-0.00036496459368335265	0.866
('ready', 'unready')	-0.002039754838640783	0.866
('loving', 'unloving')	-0.0014948416878163423	0.867
('postprandial', 'preprandial')	-0.0003836015483254557	0.867
('approachable', 'unapproachable')	-0.0008724881429506143	0.868
('different', 'same')	-0.0007620968057191974	0.868
('imperceptible', 'perceptible')	-0.00018979677608490803	0.868
('adoptable', 'unadoptable')	-0.00044527055724924176	0.869
('collected', 'uncollected')	-0.0011155361581922044	0.869
('coarse', 'fine')	-0.001015322705341562	0.87
('brotherly', 'sisterly')	-0.00031669963186832474	0.871
('feminine', 'neuter')	-0.0006267583508378863	0.871
('frozen', 'unfrozen')	-0.0015570186720363782	0.871
('oiled', 'unoiled')	-0.0009558270128321531	0.871
('skilled', 'unskilled')	-0.001048763288972682	0.871
('functional', 'organic')	-0.0008379900473266507	0.873
('furnished', 'unfurnished')	-0.0007637940910212495	0.873
('dishonest', 'honest')	-0.001053298488554219	0.877
('punitive', 'rehabilitative')	-0.00043803582488188744	0.877
('modifiable', 'unmodifiable')	-0.0003733942715250394	0.878
('alkaline', 'amphoteric')	-0.00079057540578389	0.879
('lubricated', 'unlubricated')	-0.0009540543723388405	0.879
('adulterating', 'purifying')	-0.0007835684919363494	0.882
('orthodox', 'unorthodox')	-0.0003909281870024734	0.882
('inbred', 'outbred')	-0.0008323655316745142	0.883
('oleophilic', 'oleophobic')	-0.00019912927558345117	0.884
('affected', 'unaffected')	-0.0009981457642255602	0.885
('appealable', 'unappealable')	-0.0003820996900599839	0.885
('constricted', 'unconstricted')	-0.001178945109357503	0.885
('insincere', 'sincere')	-0.0013792784363699725	0.885
('contaminated', 'uncontaminated')	-0.0008732074608013701	0.886
('fatal', 'nonfatal')	-0.0008764320977205954	0.886
('restrictive', 'unrestrictive')	-0.001284185737102747	0.887
('abstemious', 'gluttonous')	-0.0004371433033138095	0.889
('exhaustible', 'inexhaustible')	-0.0006460732249309866	0.892
('starless', 'starry')	-0.0007299046702228563	0.893
('discreet', 'indiscreet')	-0.0010673284229336562	0.894
('cosmopolitan', 'provincial')	-0.0007516150707321968	0.895
('systematic', 'unsystematic')	-0.0015432973977703261	0.895
('concise', 'prolix')	-0.001475147782558051	0.896
('factory-made', 'homemade')	-0.0013370298773665301	0.896
('invasive', 'noninvasive')	-0.0005626754930844477	0.897
('talented', 'untalented')	-0.0019389536525401749	0.897
('dimmed', 'undimmed')	-0.0009040328210373552	0.898
('tangled', 'untangled')	-0.0011718520403844824	0.898
('colored', 'uncolored')	-0.0010941963728991946	0.899
('farsighted', 'nearsighted')	-0.00038591730157787026	0.899
('dry', 'phlegmy')	-0.0023578018111471595	0.9
('enlightened', 'unenlightened')	-0.0013370485395907041	0.9
('autotrophic', 'heterotrophic')	-0.00016459700019242816	0.901
('concerned', 'unconcerned')	-0.0018259939917851763	0.901
('passionate', 'passionless')	-0.0018688969276014628	0.901
('plowed', 'unplowed')	-0.0008232582640369541	0.901
('unwrapped', 'wrapped')	-0.0009540320326392026	0.901
('humble', 'proud')	-0.0004609892816527872	0.902
('energetic', 'lethargic')	-0.0011963117464823484	0.903
('prospective', 'retrospective')	-0.0005408655238283164	0.903
('impermeable', 'permeable')	-0.00039677872591183366	0.904
('noticed', 'unnoticed')	-0.0008677637863507646	0.904
('cardinal', 'ordinal')	-0.0004755746139993543	0.905
('no', 'some')	-0.0005402843507240542	0.905
('diplomatic', 'undiplomatic')	-0.001764382364715978	0.906
('heedful', 'heedless')	-0.0003889217662016828	0.907
('commissioned', 'noncommissioned')	-0.0010469861017047173	0.908
('active', 'inactive')	-0.0010981607508745925	0.909
('eukaryotic', 'prokaryotic')	-0.00030607074433262015	0.909
('tongued', 'tongueless')	-0.00047292738182399575	0.909
('multiform', 'uniform')	-0.0008809661949658477	0.91
('presidential', 'unpresidential')	-0.0021111648793301387	0.91
('immaterial', 'material')	-0.0011865687226198188	0.911
('joyful', 'sorrowful')	-0.0009293192100173504	0.912
('contralateral', 'ipsilateral')	-0.0002459102955093533	0.913
('invertible', 'non-invertible')	-0.0005333120131610636	0.913
('descriptive', 'prescriptive')	-0.00046489072000137875	0.914
('impotent', 'potent')	-0.0009521508820645522	0.914
('addictive', 'nonaddictive')	-0.0016894134940335908	0.915
('diversified', 'undiversified')	-0.0015764899703559886	0.915
('immeasurable', 'measurable')	-0.00066732562374668	0.915
('assisted', 'unassisted')	-0.0006236579015572712	0.916
('blended', 'unblended')	-0.0016809981920666954	0.916
('defeated', 'undefeated')	-0.0003582188130860373	0.916
('metallic', 'nonmetallic')	-0.0010967243770695217	0.916
('nonradioactive', 'radioactive')	-0.001596424990533453	0.916
('corrigible', 'incorrigible')	-0.0007363491255762437	0.917
('disinclined', 'inclined')	-0.0019419514925755992	0.918
('impenitent', 'penitent')	-0.0002848593601825632	0.918
('interdepartmental', 'intradepartmental')	-0.0007633132429502075	0.918
('mown', 'unmown')	-0.0006167861454633985	0.918
('unworldly', 'worldly')	-0.0012180453432048969	0.918
('antagonistic', 'conciliatory')	-0.00034299666700724494	0.919
('former', 'latter')	-0.0007414015559715241	0.92
('clean', 'unclean')	-0.0010936681628089546	0.921
('convertible', 'inconvertible')	-0.0012758624874078354	0.921
('gracious', 'ungracious')	-0.0018321330712267932	0.921
('stained', 'unstained')	-0.0010982873242994587	0.921
('enclosed', 'unenclosed')	-0.0017338581691056978	0.922
('handed', 'handless')	-0.002255258066095136	0.922
('jawed', 'jawless')	-0.0003618436353567257	0.922
('moneyed', 'moneyless')	-0.0004821935625274722	0.922
('insentient', 'sentient')	-0.001441394961407395	0.924
('blind', 'sighted')	-0.00047972175854511714	0.925
('communicative', 'uncommunicative')	-0.0010643162081920045	0.925
('discerning', 'undiscerning')	-0.0017867511672796342	0.925
('intolerant', 'tolerant')	-0.0006011921101468807	0.925
('landed', 'landless')	-0.0010193732990724288	0.925
('restrained', 'unrestrained')	-0.0005162336780228519	0.925
('bipedal', 'quadrupedal')	-0.0005396550128147315	0.926
('nosed', 'noseless')	-0.0007463384231241529	0.926
('off-line', 'on-line')	-0.0009855984873682238	0.927
('allopatric', 'sympatric')	-0.0003070169308365691	0.928
('end-stopped', 'run-on')	-0.0006740037685193491	0.928
('impermanent', 'permanent')	-0.0016918598345094151	0.928
('melted', 'unmelted')	-0.0017534067788692043	0.928
('neurotic', 'unneurotic')	-0.0011497474054904012	0.928
('antipyretic', 'pyretic')	-0.00039842862291338465	0.929
('confined', 'unconfined')	-0.0012633253140348468	0.929
('monoclinic', 'triclinic')	-0.000398462265802296	0.929
('alternating', 'direct')	-0.0008473173641691308	0.93
('discriminating', 'undiscriminating')	-0.0014521462828222505	0.93
('capable', 'incapable')	-0.001231776274273783	0.931
('nonporous', 'porous')	-0.0009004422344142454	0.931
('avirulent', 'virulent')	-0.0013139506752224278	0.932
('generous', 'ungenerous')	-0.00227025994700482	0.932
('potted', 'unpotted')	-0.0013830323349970919	0.932
('cool', 'warm')	-0.0012160344512276346	0.933
('disobedient', 'obedient')	-0.0005475686764460086	0.933
('saturated', 'unsaturated')	-0.0006637806699129108	0.933
('refined', 'unrefined')	-0.0010591251337009602	0.934
('requested', 'unrequested')	-0.0018276215330040903	0.934
('adhesive', 'nonadhesive')	-0.001510678129558218	0.935
('dissuasive', 'persuasive')	-0.0014873022048843363	0.935
('immoderate', 'moderate')	-0.0017473731400466774	0.936
('inorganic', 'organic')	-0.0010888239504589772	0.936
('declaratory', 'interrogatory')	-0.000342432278150972	0.937
('equipped', 'unequipped')	-0.0020013229021354703	0.937
('abundant', 'scarce')	-0.0006119068030879639	0.938
('asexual', 'sexual')	-0.001212414685746517	0.938
('beseeching', 'imperative')	-0.0014047431799024592	0.938
('exact', 'inexact')	-0.002417086466993743	0.938
('rusted', 'rustless')	-0.0014923359132061574	0.938
('ahistorical', 'historical')	-0.002420234764117936	0.939
('forward', 'reverse')	-0.0007351214014049735	0.939
('conductive', 'nonconductive')	-0.0012924879667115495	0.94
('agitated', 'unagitated')	-0.0018417104446356598	0.941
('involved', 'uninvolved')	-0.001895681524598354	0.941
('protective', 'unprotective')	-0.001871721672275178	0.941
('rewarding', 'unrewarding')	-0.0026110598280425588	0.941
('gloved', 'gloveless')	-0.0013484308600919164	0.942
('maternal', 'paternal')	-0.0006770076379760716	0.942
('unwary', 'wary')	-0.0009307627353902139	0.942
('unwitting', 'witting')	-0.0010729971896805907	0.942
('boneless', 'bony')	-0.0014761518626709366	0.943
('heterozygous', 'homozygous')	-0.0001798506930430733	0.943
('fixed', 'unfixed')	-0.0020405253517445463	0.944
('shelled', 'unshelled')	-0.0014013745790553145	0.944
('subsonic', 'supersonic')	-0.00035885243124699536	0.944
('anhydrous', 'hydrous')	-0.00047406407710787754	0.945
('ill-defined', 'well-defined')	-0.0007456516850706208	0.945
('ionic', 'nonionic')	-0.0006257922976040382	0.945
('military', 'unmilitary')	-0.002832097255925082	0.945
('charged', 'uncharged')	-0.0017222634655001557	0.946
('cheap', 'expensive')	-0.0014170058337263768	0.946
('connected', 'unconnected')	-0.00174261834825481	0.946
('legged', 'legless')	-0.0007297641169054531	0.946
('renewable', 'unrenewable')	-0.0026108750874284242	0.946
('sociable', 'unsociable')	-0.0013276261909000928	0.946
('established', 'unestablished')	-0.0023389169011862974	0.948
('moving', 'unmoving')	-0.002265756516042364	0.948
('cut', 'uncut')	-0.0012431032582769976	0.949
('hard', 'soft')	-0.0012842141030888904	0.949
('insane', 'sane')	-0.0010334641372212522	0.949
('mined', 'unmined')	-0.0018117210312736075	0.949
('associative', 'nonassociative')	-0.0010019106936376629	0.95
('monotonic', 'nonmonotonic')	-0.00039256723377691484	0.95
('planted', 'unplanted')	-0.0021971363869178785	0.95
('amended', 'unamended')	-0.0012681585978955318	0.951
('descriptive', 'undescriptive')	-0.0024258828143335492	0.951
('essential', 'inessential')	-0.0029207812439015837	0.951
('impermissible', 'permissible')	-0.0008207903873699209	0.951
('paid', 'unpaid')	-0.001111461357187378	0.951
('carnivorous', 'insectivorous')	-0.0008999623464297423	0.952
('conditional', 'unconditional')	-0.0007824413333379198	0.952
('cubic', 'linear')	-0.0004502460111561082	0.952
('headed', 'unheaded')	-0.0025287421093433456	0.952
('like', 'unlike')	-0.0014009775217350313	0.952
('nonspecific', 'specific')	-0.0022864030173394816	0.952
('nonstandard', 'standard')	-0.0020896570232421825	0.952
('aboral', 'oral')	-0.0023381006972888474	0.953
('exciting', 'unexciting')	-0.0026927709603737707	0.954
('toned', 'toneless')	-0.0017446875431965832	0.954
('burdened', 'unburdened')	-0.0012215818074604702	0.955
('clement', 'inclement')	-0.0010469531947738774	0.955
('ostentatious', 'unostentatious')	-0.0007579708570380744	0.955
('stemless', 'stemmed')	-0.0011638211063874828	0.955
('imprudent', 'prudent')	-0.001732584829390777	0.956
('opposed', 'unopposed')	-0.001242408160096251	0.956
('successful', 'unsuccessful')	-0.0019107485386831314	0.956
('thoughtful', 'thoughtless')	-0.0016635770751262154	0.956
('disenfranchised', 'enfranchised')	-0.0009777107596919462	0.957
('extraterritorial', 'territorial')	-0.0012499887106006326	0.957
('isometric', 'isotonic')	-0.0005503402717006558	0.957
('social', 'unsocial')	-0.0026469708188440536	0.957
('advantageous', 'disadvantageous')	-0.0020160198521561434	0.958
('parented', 'unparented')	-0.0005136489845596771	0.958
('assertive', 'unassertive')	-0.0020237922119721117	0.959
('attentive', 'inattentive')	-0.0016879700318098104	0.959
('cerebral', 'emotional')	-0.0007815057598695684	0.959
('confirmed', 'unconfirmed')	-0.001343476194925768	0.959
('intelligent', 'unintelligent')	-0.002135230342184243	0.959
('funded', 'unfunded')	-0.0007745498062679311	0.96
('nonthermal', 'thermal')	-0.0018776235456201447	0.96
('flowering', 'flowerless')	-0.0016269822811342026	0.961
('afraid', 'unafraid')	-0.0020598090080799804	0.962
('benign', 'malign')	-0.0008972441748370174	0.962
('shaded', 'unshaded')	-0.001903118002632766	0.962
('acidic', 'amphoteric')	-0.0014119509542550052	0.963
('finite', 'infinite')	-0.000822372141629943	0.963
('restricted', 'unrestricted')	-0.0007150734552947482	0.963
('carnivorous', 'herbivorous')	-0.0006391593415530912	0.965
('committed', 'uncommitted')	-0.0013679033482074335	0.965
('direct', 'retrograde')	-0.0009941987046391126	0.965
('extant', 'extinct')	-0.0006418336749217908	0.965
('inviolable', 'violable')	-0.0007943638268589842	0.965
('collateral', 'lineal')	-0.0007211614225329389	0.966
('erect', 'unerect')	-0.0020941886223014607	0.966
('stratified', 'unstratified')	-0.0013219010158303773	0.966
('winged', 'wingless')	-0.0007334279205498391	0.966
('active', 'dormant')	-0.00103418533644612	0.967
('affirmative', 'negative')	-0.0008225163077996301	0.967
('artificial', 'natural')	-0.0006920775148817862	0.967
('toed', 'toeless')	-0.0009069908078963226	0.967
('deciduous', 'evergreen')	-0.0004010932799255831	0.968
('excitable', 'unexcitable')	-0.0014311958441644169	0.968
('expired', 'unexpired')	-0.0009331985385110072	0.968
('horizontal', 'vertical')	-0.00041571649800377407	0.968
('sent', 'unsent')	-0.002456397662237821	0.968
('studied', 'unstudied')	-0.0021286247272752634	0.968
('broken', 'unbroken')	-0.0012577056660762857	0.969
('mindful', 'unmindful')	-0.0019715995142919017	0.969
('nonrandom', 'random')	-0.0029120003833734715	0.969
('enterprising', 'unenterprising')	-0.0023834257788334437	0.971
('frivolous', 'serious')	-0.0013197529088860016	0.971
('troubled', 'untroubled')	-0.0015339180962454305	0.971
('bearing', 'nonbearing')	-0.0026247613046610184	0.972
('intoxicated', 'sober')	-0.0005285962877489675	0.972
('receptive', 'unreceptive')	-0.002418330905925593	0.972
('adjusted', 'unadjusted')	-0.0018459108814260824	0.973
('aqueous', 'igneous')	-0.0005194668237797398	0.973
('atomistic', 'holistic')	-0.0014820359853088489	0.973
('calm', 'stormy')	-0.0011119854772238492	0.973
('combined', 'uncombined')	-0.00238992179151868	0.973
('gaseous', 'solid')	-0.0015428103965992711	0.973
('lowercase', 'uppercase')	-0.00033882294571427416	0.973
('turned', 'unturned')	-0.002174519598693185	0.973
('coiled', 'uncoiled')	-0.0018449115909333243	0.974
('combustible', 'noncombustible')	-0.001417985099956276	0.974
('courteous', 'discourteous')	-0.0021835030221032357	0.974
('critical', 'uncritical')	-0.002099016376463241	0.974
('nonprescription', 'prescription')	-0.0016622455553457292	0.974
('offending', 'unoffending')	-0.001761865124648914	0.974
('rhymed', 'unrhymed')	-0.0007561144318160625	0.974
('air-to-air', 'air-to-surface')	-0.0005834784170247378	0.975
('attached', 'unattached')	-0.0013233293165016303	0.975
('downtown', 'uptown')	-0.0017777281595587925	0.975
('ill', 'well')	-0.0015403209006708066	0.975
('irreconcilable', 'reconcilable')	-0.0010284603620890646	0.975
('nonpregnant', 'pregnant')	-0.0027959974042985718	0.975
('portable', 'unportable')	-0.0024098196844605548	0.975
('stimulating', 'unstimulating')	-0.0026471118048760206	0.975
('accommodating', 'unaccommodating')	-0.0026231343454044057	0.976
('armed', 'unarmed')	-0.0008079531728004807	0.976
('clothed', 'unclothed')	-0.0011823194654609565	0.976
('punished', 'unpunished')	-0.0010420158253713306	0.976
('shapely', 'unshapely')	-0.0019768097920691598	0.976
('animated', 'unanimated')	-0.002869208593232836	0.977
('censored', 'uncensored')	-0.0007780798577648948	0.977
('deflationary', 'inflationary')	-0.0004898128962455665	0.977
('informative', 'uninformative')	-0.0030197385734211345	0.977
('multiple-choice', 'true-false')	-0.0008610308052514727	0.977
('sparkling', 'still')	-0.0026179165653647113	0.977
('diluted', 'undiluted')	-0.0007960515605631201	0.978
('fruitful', 'unfruitful')	-0.0019532004788985757	0.978
('inoffensive', 'offensive')	-0.0016380711857644833	0.978
('livable', 'unlivable')	-0.0013884134618281224	0.978
('nonreversible', 'reversible')	-0.0019501606052112052	0.978
('processed', 'unprocessed')	-0.0012876355698458715	0.978
('abused', 'unabused')	-0.0029565755874036426	0.979
('analogue', 'digital')	-0.0009356310934638687	0.979
('annual', 'biennial')	-0.0020131923113038807	0.979
('collective', 'distributive')	-0.0014090485265454604	0.979
('defined', 'undefined')	-0.00141752242753416	0.979
('alienable', 'inalienable')	-0.0009018699363361558	0.98
('baptized', 'unbaptized')	-0.0011480354241692036	0.98
('endocrine', 'exocrine')	-0.0011091913817911593	0.98
('female', 'male')	-0.00039253024870257924	0.98
('foreign', 'native')	-0.0006292886548113475	0.98
('harmonious', 'inharmonious')	-0.0024943792716795535	0.98
('hydric', 'xeric')	-0.0002937164922111612	0.98
('live', 'recorded')	-0.00114969656854556	0.98
('married', 'unmarried')	-0.0011943064984728758	0.98
('antemortem', 'postmortem')	-0.0012270939998799213	0.981
('buried', 'unburied')	-0.0026120035993194048	0.981
('commercial', 'noncommercial')	-0.001738405059196927	0.981
('go', 'no-go')	-0.003138440733254616	0.981
('invulnerable', 'vulnerable')	-0.0017337838998341569	0.981
('benign', 'malignant')	-0.0006022605391559424	0.982
('conservative', 'liberal')	-0.0005219115742171572	0.982
('decorous', 'indecorous')	-0.000428162249840438	0.982
('delicate', 'rugged')	-0.0008070823632684325	0.982
('derivational', 'inflectional')	-0.0003045685534402076	0.982
('headed', 'headless')	-0.001389527725854857	0.982
('impaired', 'unimpaired')	-0.0013985744524679022	0.982
('impressive', 'unimpressive')	-0.0034278704346573305	0.982
('inshore', 'offshore')	-0.0009773891567788897	0.982
('intrusive', 'unintrusive')	-0.001691894472978843	0.982
('propitious', 'unpropitious')	-0.0010643531161474576	0.982
('shared', 'unshared')	-0.0031580363219619358	0.982
('supportive', 'unsupportive')	-0.0029507676978117944	0.982
('adventurous', 'unadventurous')	-0.0030073783260653603	0.983
('exploited', 'unexploited')	-0.0014792800286799086	0.983
('retentive', 'unretentive')	-0.001286188623913503	0.983
('clear', 'unclear')	-0.0014409141704308202	0.984
('congenial', 'uncongenial')	-0.0015041632529484142	0.984
('fresh', 'preserved')	-0.0013530318488538745	0.984
('merited', 'unmerited')	-0.00080003517916152	0.984
('owned', 'unowned')	-0.001764036955146351	0.984
('banded', 'unbanded')	-0.0018306839489114577	0.985
('commodious', 'incommodious')	-0.001381102755988602	0.985
('digitigrade', 'plantigrade')	-0.0002732493265751679	0.985
('expressible', 'inexpressible')	-0.0008668632291348273	0.985
('extramural', 'intramural')	-0.0006827633999675186	0.985
('intrusive', 'protrusive')	-0.001786666090580636	0.985
('labeled', 'unlabeled')	-0.0016869924239924505	0.985
('spirited', 'spiritless')	-0.0022850265874661685	0.985
('unwoven', 'woven')	-0.002540042766164867	0.985
('acyclic', 'cyclic')	-0.0009367364315147775	0.986
('anestrous', 'estrous')	-0.0007690675274171143	0.986
('conditioned', 'unconditioned')	-0.0013418260303455125	0.986
('horned', 'hornless')	-0.0012333579726745616	0.986
('identifiable', 'unidentifiable')	-0.002011585458376347	0.986
('indulgent', 'nonindulgent')	-0.0020604448132135293	0.986
('crossed', 'uncrossed')	-0.0028851306218325695	0.987
('dorsal', 'ventral')	-0.0005086906758838936	0.987
('dramatic', 'lyric')	-0.0014714376878575634	0.987
('feathered', 'unfeathered')	-0.0020833005036220422	0.987
('institutional', 'noninstitutional')	-0.001912361497813991	0.987
('manly', 'unmanly')	-0.0018865280486217205	0.987
('nonunion', 'union')	-0.0018176451063059281	0.987
('awakened', 'unawakened')	-0.0020712621422991663	0.988
('bottomed', 'bottomless')	-0.0005956597504373808	0.988
('branded', 'unbranded')	-0.0017182668926468015	0.988
('conquerable', 'unconquerable')	-0.0007701514761565432	0.988
('destroyed', 'preserved')	-0.00140164656135691	0.988
('dysphoric', 'euphoric')	-0.0011180413808307994	0.988
('false', 'true')	-0.001462604395547927	0.988
('hollow', 'solid')	-0.0014755060357141189	0.988
('insensible', 'sensible')	-0.002308474296599453	0.988
('irreligious', 'religious')	-0.0028991502984643397	0.988
('long', 'short')	-0.0007686976080772271	0.988
('lost', 'saved')	-0.0007107988871968428	0.988
('nonphotosynthetic', 'photosynthetic')	-0.0011691899924185555	0.988
('nonproprietary', 'proprietary')	-0.002542384520292606	0.988
('seamed', 'seamless')	-0.0014082631700627528	0.988
('achromatic', 'chromatic')	-0.0007239704792199207	0.989
('blond', 'brunet')	-0.0022637732082809994	0.989
('inboard', 'outboard')	-0.0006869526433300297	0.989
('lamented', 'unlamented')	-0.001994404364019568	0.989
('moved', 'unmoved')	-0.0027099156387883766	0.989
('nonsurgical', 'surgical')	-0.0017630845988997421	0.989
('proactive', 'retroactive')	-0.0012294074148545692	0.989
('righteous', 'unrighteous')	-0.0013880571469680782	0.989
('saddled', 'unsaddled')	-0.0025753262908484557	0.989
('advisable', 'inadvisable')	-0.00235888706001346	0.99
('analogous', 'heterologous')	-0.0011198601109992032	0.99
('armored', 'unarmored')	-0.0016220281541785096	0.99
('attributable', 'unattributable')	-0.0022187894144955426	0.99
('chaste', 'unchaste')	-0.0010402744434717635	0.99
('impalpable', 'palpable')	-0.001523000240008096	0.99
('institutionalized', 'noninstitutionalized')	-0.0012407675330242127	0.99
('matriarchal', 'patriarchal')	-0.0007993705046672652	0.99
('scholarly', 'unscholarly')	-0.003163868686400414	0.99
('antecedent', 'subsequent')	-0.0021560217540152176	0.991
('curious', 'incurious')	-0.003689065582091377	0.991
('disloyal', 'loyal')	-0.002047166310332105	0.991
('effortful', 'effortless')	-0.0020256811855208267	0.991
('excited', 'unexcited')	-0.004194783439241515	0.991
('extraordinary', 'ordinary')	-0.0021647272088883406	0.991
('impenetrable', 'penetrable')	-0.0013235323413411833	0.991
('specialized', 'unspecialized')	-0.0026755591168028583	0.991
('accustomed', 'unaccustomed')	-0.002286911862281974	0.992
('antimagnetic', 'magnetic')	-0.00230607941276835	0.992
('biennial', 'perennial')	-0.0009736730116514086	0.992
('carved', 'uncarved')	-0.0020429609987948636	0.992
('commensurate', 'incommensurate')	-0.0019013315007396867	0.992
('compassionate', 'uncompassionate')	-0.003107497391727689	0.992
('curly', 'straight')	-0.0019117378260497704	0.992
('deductible', 'nondeductible')	-0.0015892150749796845	0.992
('fewer', 'more')	-0.0017253084072518902	0.992
('hierarchical', 'nonhierarchical')	-0.0022198396888233937	0.992
('intense', 'mild')	-0.001060840154970837	0.992
('packaged', 'unpackaged')	-0.0026405256300462056	0.992
('powerful', 'powerless')	-0.0022212416393551267	0.992
('acknowledged', 'unacknowledged')	-0.00195400206133281	0.993
('analogous', 'homologous')	-0.0008071371707476641	0.993
('civil', 'sidereal')	-0.0012803991651978795	0.993
('confident', 'diffident')	-0.0039859373624006045	0.993
('consonantal', 'vocalic')	-0.00039089075573308773	0.993
('demanding', 'undemanding')	-0.002133937567250147	0.993
('faceted', 'unfaceted')	-0.0012879341050872845	0.993
('guided', 'unguided')	-0.0022668019003703743	0.993
('illicit', 'licit')	-0.0015741333721019405	0.993
('imponderable', 'ponderable')	-0.00032871081251571494	0.993
('irresolute', 'resolute')	-0.0014668328130838315	0.993
('linguistic', 'nonlinguistic')	-0.002856675133230265	0.993
('topless', 'topped')	-0.0016144100778570786	0.993
('unwritten', 'written')	-0.0016013686443304767	0.993
('appointive', 'elective')	-0.00145983624050811	0.994
('coordinating', 'subordinating')	-0.0019373833269061575	0.994
('decent', 'indecent')	-0.0023427438721637505	0.994
('divided', 'united')	-0.0016369518715165215	0.994
('dominant', 'subordinate')	-0.0010867386515470605	0.994
('earthly', 'heavenly')	-0.001859991387541289	0.994
('frequent', 'infrequent')	-0.0023641061919815014	0.994
('full-term', 'premature')	-0.0014620517779823624	0.994
('malted', 'unmalted')	-0.0010550448588357549	0.994
('masochistic', 'sadistic')	-0.0009777740382287139	0.994
('monochromatic', 'polychromatic')	-0.0015651644901790735	0.994
('purposeful', 'purposeless')	-0.001672159204065939	0.994
('sensational', 'unsensational')	-0.0036255542999594076	0.994
('unwieldy', 'wieldy')	-0.002479975328286671	0.994
('analyzed', 'unanalyzed')	-0.002937299591727994	0.995
('atypical', 'typical')	-0.0014847879681054868	0.995
('centralizing', 'decentralizing')	-0.0009115128429176521	0.995
('classical', 'nonclassical')	-0.003115126456476403	0.995
('cleared', 'uncleared')	-0.0030116162632634544	0.995
('clearheaded', 'confused')	-0.0036417560589215078	0.995
('eared', 'earless')	-0.0007682882711016908	0.995
('efficacious', 'inefficacious')	-0.002613173508404362	0.995
('emotional', 'unemotional')	-0.002627810691047878	0.995
('extrasensory', 'sensory')	-0.0017047314858478968	0.995
('nonreturnable', 'returnable')	-0.0008960527102046768	0.995
('questionable', 'unquestionable')	-0.0016040382596282142	0.995
('tearful', 'tearless')	-0.0012611947192311315	0.995
('thinkable', 'unthinkable')	-0.002103539258971684	0.995
('unweaned', 'weaned')	-0.00172774165407393	0.995
('adroit', 'maladroit')	-0.001401612186902327	0.996
('anterograde', 'retrograde')	-0.0012981032549629198	0.996
('bodied', 'unbodied')	-0.001664319474198114	0.996
('corrected', 'uncorrected')	-0.0019389534507563855	0.996
('disposable', 'nondisposable')	-0.0035419729527449394	0.996
('domestic', 'undomestic')	-0.004109101101418662	0.996
('endowed', 'unendowed')	-0.002761322131194026	0.996
('inhabited', 'uninhabited')	-0.000692623672384228	0.996
('intestate', 'testate')	-0.0007933552017900646	0.996
('magnetic', 'nonmagnetic')	-0.002469484180011909	0.996
('middle-class', 'upper-class')	-0.0014356911264231907	0.996
('modulated', 'unmodulated')	-0.0014467734109184513	0.996
('native', 'nonnative')	-0.002325054781823809	0.996
('nonreciprocal', 'reciprocal')	-0.0022630569747726943	0.996
('painted', 'unpainted')	-0.002042784702772603	0.996
('sized', 'unsized')	-0.0033383391236973363	0.996
('summery', 'vernal')	-0.0011853189670525148	0.996
('swept', 'unswept')	-0.0028836690649019035	0.996
('sworn', 'unsworn')	-0.0023997678484518874	0.996
('afloat', 'aground')	-0.0009242296490844801	0.997
('anonymous', 'onymous')	-0.004294349386990758	0.997
('aperiodic', 'periodic')	-0.0024119900303134975	0.997
('avenged', 'unavenged')	-0.001211928352502601	0.997
('cauline', 'radical')	-0.002128610602661285	0.997
('classified', 'unclassified')	-0.0018495452068861846	0.997
('clear', 'opaque')	-0.002630214838388328	0.997
('complaining', 'uncomplaining')	-0.003223060357589581	0.997
('conscientious', 'unconscientious')	-0.002812836645729736	0.997
('corrupt', 'incorrupt')	-0.002076774211103541	0.997
('definite', 'indefinite')	-0.0013208715440361247	0.997
('direct', 'inverse')	-0.0014690665118872771	0.997
('dominant', 'recessive')	-0.001537586313971137	0.997
('exclusive', 'inclusive')	-0.0008167339072879657	0.997
('federal', 'unitary')	-0.0013835848648667565	0.997
('fretted', 'unfretted')	-0.0013171171542682766	0.997
('functional', 'nonfunctional')	-0.0038281150289680207	0.997
('groomed', 'ungroomed')	-0.0021000774125328166	0.997
('high', 'low')	-0.0012051604669299533	0.997
('impious', 'pious')	-0.0012424021163312997	0.997
('improved', 'unimproved')	-0.00225981276625937	0.997
('interstate', 'intrastate')	-0.001667068318944859	0.997
('irresistible', 'resistible')	-0.0029258920422783677	0.997
('lower-class', 'middle-class')	-0.0023710770778632793	0.997
('melodious', 'unmelodious')	-0.0027588102935089277	0.997
('migratory', 'nonmigratory')	-0.0025702313302490634	0.997
('nonspeaking', 'speaking')	-0.0037428884752678925	0.997
('posed', 'unposed')	-0.002521434513872099	0.997
('pro-choice', 'pro-life')	-0.0009303597100312174	0.997
('scripted', 'unscripted')	-0.0009458945319047608	0.997
('sugarless', 'sugary')	-0.0014738439748702356	0.997
('susceptible', 'unsusceptible')	-0.0033058781798009	0.997
('tempered', 'untempered')	-0.0019491088977161156	0.997
('aligned', 'nonaligned')	-0.0024038167249101836	0.998
('arbitrary', 'nonarbitrary')	-0.003416564966628675	0.998
('articulated', 'unarticulated')	-0.0024202003332863663	0.998
('avascular', 'vascular')	-0.0015694742693013776	0.998
('awed', 'unawed')	-0.002050964583690797	0.998
('blue-collar', 'white-collar')	-0.0006212719020907823	0.998
('bound', 'unbound')	-0.002156955301151139	0.998
('cautious', 'incautious')	-0.003450865613128516	0.998
('changed', 'unchanged')	-0.001947000256796198	0.998
('closed', 'open')	-0.0012455349467057099	0.998
('comparable', 'incomparable')	-0.0029494632363139643	0.998
('displeasing', 'pleasing')	-0.00331810545742477	0.998
('dynamic', 'undynamic')	-0.004689023030846208	0.998
('enlightening', 'unenlightening')	-0.00442164649789176	0.998
('enthusiastic', 'unenthusiastic')	-0.004157309465114707	0.998
('exhausted', 'unexhausted')	-0.0026842780029176505	0.998
('facultative', 'obligate')	-0.0010372802909951557	0.998
('faithful', 'unfaithful')	-0.001782330044574257	0.998
('filled', 'unfilled')	-0.002517293607285663	0.998
('glorious', 'inglorious')	-0.0031598677785828946	0.998
('grassless', 'grassy')	-0.0028841842042748676	0.998
('injured', 'uninjured')	-0.002500535137069198	0.998
('irreparable', 'reparable')	-0.0018947589356580847	0.998
('nonpolitical', 'political')	-0.0035331831531718923	0.998
('nonrepresentative', 'representative')	-0.004497519922121291	0.998
('offstage', 'onstage')	-0.0014545342381447864	0.998
('oviparous', 'viviparous')	-0.00045075408575440796	0.998
('peaceful', 'unpeaceful')	-0.0040925877974078515	0.998
('active', 'stative')	-0.004582074052447498	0.999
('altered', 'unaltered')	-0.0015036036351069107	0.999
('born', 'unborn')	-0.0013198171825153475	0.999
('caducous', 'persistent')	-0.0031630621230252474	0.999
('concave', 'convex')	-0.0006038700060275728	0.999
('constant', 'inconstant')	-0.0037880214706544034	0.999
('continuous', 'discontinuous')	-0.00283319690898033	0.999
('convinced', 'unconvinced')	-0.003888945023988361	0.999
('credible', 'incredible')	-0.0035088497717491573	0.999
('cross-eyed', 'walleyed')	-0.0014159830257534905	0.999
('cyclic', 'noncyclic')	-0.0026238378684568468	0.999
('damaged', 'undamaged')	-0.002190862423344866	0.999
('decreased', 'increased')	-0.002694646919876075	0.999
('decreasing', 'increasing')	-0.002526166647053959	0.999
('dependable', 'undependable')	-0.0034825469796015054	0.999
('diligent', 'negligent')	-0.001193971865933066	0.999
('discernible', 'indiscernible')	-0.0016766387876391382	0.999
('evitable', 'inevitable')	-0.006327868318943875	0.999
('exculpatory', 'inculpatory')	-0.001377527119383909	0.999
('expedient', 'inexpedient')	-0.0027414787141278327	0.999
('extrinsic', 'intrinsic')	-0.0012806279190316697	0.999
('extrusive', 'intrusive')	-0.002385126559556158	0.999
('fathomable', 'unfathomable')	-0.0020833197726728946	0.999
('felicitous', 'infelicitous')	-0.0019116359853491756	0.999
('fledged', 'unfledged')	-0.0015652284610660231	0.999
('found', 'lost')	-0.0015465782135773336	0.999
('full-time', 'part-time')	-0.0015961326062157652	0.999
('good-natured', 'ill-natured')	-0.002243851616644369	0.999
('human', 'nonhuman')	-0.004189104748380489	0.999
('illegible', 'legible')	-0.0014656179559921784	0.999
('illegitimate', 'legitimate')	-0.0017180283531771324	0.999
('implacable', 'placable')	-0.0013788509931149445	0.999
('impolite', 'polite')	-0.0026565366776647274	0.999
('influential', 'uninfluential')	-0.004685588335072641	0.999
('nonoperational', 'operational')	-0.003983989344604085	0.999
('nonracial', 'racial')	-0.002644345012505756	0.999
('preventable', 'unpreventable')	-0.002443200913379644	0.999
('stuck', 'unstuck')	-0.003454116507128622	0.999
('styleless', 'stylish')	-0.005379174229488153	0.999
('suspected', 'unsuspected')	-0.002339107089153622	0.999
('tanned', 'untanned')	-0.002615918692078341	0.999
('tipped', 'untipped')	-0.003655859423683199	0.999
('unvaried', 'varied')	-0.0031779794857449365	0.999
('unwaxed', 'waxed')	-0.0017530942695267457	0.999
('accusatorial', 'inquisitorial')	-0.0006801007869232261	1.0
('active', 'extinct')	-0.0018486142669213047	1.0
('adaptable', 'unadaptable')	-0.0033024624686162074	1.0
('addressed', 'unaddressed')	-0.0029457734158600656	1.0
('adopted', 'native')	-0.0008889931009375693	1.0
('aesthetic', 'inaesthetic')	-0.003517438472790289	1.0
('aggressive', 'unaggressive')	-0.004288744932911044	1.0
('agnostic', 'gnostic')	-0.0013180133479120384	1.0
('alcoholic', 'nonalcoholic')	-0.0025034525076176907	1.0
('alike', 'unalike')	-0.0037014686860386767	1.0
('ambitious', 'unambitious')	-0.003394383588123412	1.0
('anadromous', 'catadromous')	-0.0013908678519588165	1.0
('anadromous', 'diadromous')	-0.0013252978697699432	1.0
('antonymous', 'synonymous')	-0.004366116817606305	1.0
('apropos', 'malapropos')	-0.002407059312666283	1.0
('assigned', 'unassigned')	-0.003506572304727496	1.0
('beneficent', 'maleficent')	-0.0019597705118418697	1.0
('calculable', 'incalculable')	-0.0016422729666570324	1.0
('cellular', 'noncellular')	-0.0036414707944920684	1.0
('competitive', 'noncompetitive')	-0.004015332949021707	1.0
('considerable', 'inconsiderable')	-0.004858317796041614	1.0
('consolable', 'inconsolable')	-0.001817757174938114	1.0
('contested', 'uncontested')	-0.001194412798749868	1.0
('continued', 'discontinued')	-0.0021459126905937816	1.0
('controversial', 'uncontroversial')	-0.003334441613552742	1.0
('cooked', 'raw')	-0.0037814923208200043	1.0
('counterfeit', 'genuine')	-0.0019804759134560554	1.0
('counterrevolutionary', 'revolutionary')	-0.00400704125016523	1.0
('critical', 'noncritical')	-0.005869309532245404	1.0
('crossbred', 'purebred')	-0.0019230601276899696	1.0
('crystalline', 'noncrystalline')	-0.002987929958210775	1.0
('current', 'noncurrent')	-0.005919520906360852	1.0
('declared', 'undeclared')	-0.0033240232644027694	1.0
('dedicated', 'undedicated')	-0.004804564498385348	1.0
('deniable', 'undeniable')	-0.002860656606094146	1.0
('designed', 'undesigned')	-0.004158841959781216	1.0
('determined', 'undetermined')	-0.002293391759817503	1.0
('direct', 'indirect')	-0.002783089350407995	1.0
('dispensable', 'indispensable')	-0.0024627974002791805	1.0
('downstairs', 'upstairs')	-0.0011887399695144144	1.0
('drained', 'undrained')	-0.0028063516520237452	1.0
('dramatic', 'undramatic')	-0.005016887615030408	1.0
('drinkable', 'undrinkable')	-0.0015489804677285366	1.0
('earned', 'unearned')	-0.0015815871778988777	1.0
('edifying', 'unedifying')	-0.0022467705228088487	1.0
('effervescent', 'noneffervescent')	-0.0017297848511773246	1.0
('endomorphic', 'mesomorphic')	-0.0004133492229790863	1.0
('enforced', 'unenforced')	-0.002953105262553407	1.0
('exempt', 'nonexempt')	-0.002604821826964047	1.0
('explicable', 'inexplicable')	-0.002376191715139216	1.0
('explosive', 'nonexplosive')	-0.004461398989598233	1.0
('extended', 'unextended')	-0.004712873666777879	1.0
('fatty', 'nonfat')	-0.002108201340258892	1.0
('fewest', 'most')	-0.00429769755397099	1.0
('fictional', 'nonfictional')	-0.003941153094309655	1.0
('filial', 'parental')	-0.001876934440529286	1.0
('financial', 'nonfinancial')	-0.004766235206462093	1.0
('forceful', 'forceless')	-0.0044221421935560345	1.0
('framed', 'unframed')	-0.0021981613087130236	1.0
('gathered', 'ungathered')	-0.0055409710282553586	1.0
('geared', 'ungeared')	-0.00592960301681982	1.0
('handled', 'handleless')	-0.004381198318031326	1.0
('harmonic', 'nonharmonic')	-0.003315883331132481	1.0
('high-tension', 'low-tension')	-0.0014344057014495752	1.0
('immediate', 'mediate')	-0.0017116419591594887	1.0
('industrial', 'nonindustrial')	-0.003520841272487304	1.0
('infectious', 'noninfectious')	-0.003196150723452645	1.0
('insurmountable', 'surmountable')	-0.0037100092682155403	1.0
('intangible', 'tangible')	-0.0011939132627628384	1.0
('integrated', 'nonintegrated')	-0.004440486040788241	1.0
('intellectual', 'nonintellectual')	-0.005122562286860855	1.0
('least', 'most')	-0.0021019018518028745	1.0
('liquid', 'solid')	-0.002984468420386164	1.0
('local', 'national')	-0.001160167304443866	1.0
('lowborn', 'noble')	-0.004355088974640759	1.0
('maximal', 'minimal')	-0.0016234070929045169	1.0
('mechanical', 'nonmechanical')	-0.00495888131181524	1.0
('moving', 'nonmoving')	-0.004224004536239558	1.0
('multidimensional', 'unidimensional')	-0.002942414502331436	1.0
('nonprofessional', 'professional')	-0.004690353242224754	1.0
('nonreflective', 'reflective')	-0.004107477840394686	1.0
('nonrepetitive', 'repetitive')	-0.004281069183136288	1.0
('nonrepresentational', 'representational')	-0.0020947399359582362	1.0
('nonresident', 'resident')	-0.002694280652667012	1.0
('nonresidential', 'residential')	-0.003938703479648899	1.0
('nonrigid', 'rigid')	-0.002951170833485589	1.0
('nonsignificant', 'significant')	-0.006950370592821015	1.0
('nonspatial', 'spatial')	-0.0034743163762424	1.0
('nontechnical', 'technical')	-0.003985145797640491	1.0
('noticeable', 'unnoticeable')	-0.003283216779434866	1.0
('obligated', 'unobligated')	-0.0022484513059721645	1.0
('obvious', 'unobvious')	-0.006536868798950695	1.0
('oriented', 'unoriented')	-0.004912391993593508	1.0
('paradigmatic', 'syntagmatic')	-0.0009781101983347964	1.0
('perceptive', 'unperceptive')	-0.0032621364828615083	1.0
('plural', 'singular')	-0.0016408064014061434	1.0
('precedented', 'unprecedented')	-0.0049861070162814415	1.0
('proved', 'unproved')	-0.00551807776331052	1.0
('provocative', 'unprovocative')	-0.005125765810677287	1.0
('punctual', 'unpunctual')	-0.002828358436134706	1.0
('quiet', 'unquiet')	-0.005150847920132368	1.0
('reflected', 'unreflected')	-0.004454330815905525	1.0
('reported', 'unreported')	-0.0020611370934420286	1.0
('reproducible', 'unreproducible')	-0.002265283369026206	1.0
('respectable', 'unrespectable')	-0.0020412825296636785	1.0
('rigged', 'unrigged')	-0.003171974532077534	1.0
('savory', 'unsavory')	-0.004412057919316257	1.0
('serviceable', 'unserviceable')	-0.002069480740344606	1.0
('silenced', 'unsilenced')	-0.003461409556716843	1.0
('sinkable', 'unsinkable')	-0.0011940793667585122	1.0
('skinless', 'skinned')	-0.0031379097414094975	1.0
('sour', 'sweet')	-0.0045661868486204715	1.0
('staged', 'unstaged')	-0.0030716999392056965	1.0
('stoppable', 'unstoppable')	-0.003029531621964475	1.0
('stressed', 'unstressed')	-0.0033310723689872566	1.0
('surprised', 'unsurprised')	-0.005621728921311093	1.0
('surprising', 'unsurprising')	-0.005109113937613086	1.0
('tender', 'tough')	-0.003923188919163574	1.0
('thematic', 'unthematic')	-0.003884030410011289	1.0
('traveled', 'untraveled')	-0.003388783517450847	1.0
('truthful', 'untruthful')	-0.002403051471820501	1.0
('unvoiced', 'voiced')	-0.0023234058105093174	1.0
('unwomanly', 'womanly')	-0.002035421747295943	1.0
('unwooded', 'wooded')	-0.003447610126184452	1.0
